<step title="Incoming Request" date="2025-12-02T11:54:06.298" instance="4b36de" url="/api/zipdeploy?isAsync=true" method="POST" type="request" pid="772,1,50" Accept="*/*" Host="vancr-backend.scm.azurewebsites.net" User-Agent="AZURECLI/2.80.0 (MSI)" Accept-Encoding="gzip, deflate" Authorization="Bea..." Cache-Control="no-cache" Content-Type="application/octet-stream" Content-Length="5768" x-ms-client-request-id="91ad302f-cf75-11f0-b941-6ca10065e427" x-ms-artifact-checksum="5add636876111ec5575445dd0ea8808464813254d19a92478b02883e2443bb27" X-ARR-LOG-ID="91ad302f-cf75-11f0-b941-6ca10065e427" CLIENT-IP="24.22.242.86:56616" X-SITE-DEPLOYMENT-ID="vancr-backend" WAS-DEFAULT-HOSTNAME="vancr-backend.scm.azurewebsites.net" X-Forwarded-Proto="https" X-AppService-Proto="https" X-Forwarded-TlsVersion="1.3" X-WAWS-Unencoded-URL="/api/zipdeploy?isAsync=true" X-Client-IP="24.22.242.86" X-Client-Port="56616" >
  <step title="Cleanup Xml Logs" date="2025-12-02T11:54:06.307" /><!-- duration: 77ms -->
  <step title="ZipPushDeploy" date="2025-12-02T11:54:06.539" >
    <step title="ZipDeploy. Extract zip. Remote build." date="2025-12-02T11:54:06.628" /><!-- duration: 19ms -->
    <step title="Starting PushDeployAsync" date="2025-12-02T11:54:06.685" /><!-- duration: 22ms -->
    <step title="Writing artifact to /tmp/zipdeploy/74c6b005-8b6f-4635-a3ec-388f450a9a3b.zip" date="2025-12-02T11:54:06.764" >
      <step title="Writing multipart request body to /tmp/zipdeploy/74c6b005-8b6f-4635-a3ec-388f450a9a3b.zip" date="2025-12-02T11:54:06.776" /><!-- duration: 26ms -->
    </step><!-- duration: 117ms -->
    <step title="Start deployment in the background" date="2025-12-02T11:54:06.961" >
      <step title="Acquiring Deployment Lock" date="2025-12-02T11:54:07.048" /><!-- duration: 27ms -->
      <step title="Cannot Acquire Deployment Lock already held" date="2025-12-02T11:54:07.125" /><!-- duration: 39ms -->
    </step><!-- duration: 614ms -->
    <step title="There is a deployment currently in progress. Please try again when it completes." date="2025-12-02T11:54:07.615" /><!-- duration: 18ms -->
  </step><!-- duration: 1174ms -->
  <step title="Outgoing response" date="2025-12-02T11:54:07.807" type="response" statusCode="409" statusText="Conflict" /><!-- duration: 12ms -->
</step><!-- duration: 1547ms -->
