<step title="Incoming Request" date="2025-12-01T07:12:53.464" instance="a45adb" url="/api/zipdeploy?isAsync=true" method="POST" type="request" pid="774,1,5" Accept="*/*" Host="vancr-backend.scm.azurewebsites.net" User-Agent="AZURECLI/2.80.0 (MSI)" Accept-Encoding="gzip, deflate" Authorization="Bea..." Cache-Control="no-cache" Content-Type="application/octet-stream" Content-Length="8489" x-ms-client-request-id="ec2231a0-ce84-11f0-acbb-6ca10065e427" x-ms-artifact-checksum="aabfedad7abec97b4886736416375bd649f8da01aad1a6e1e5b1856e5e95256d" X-ARR-LOG-ID="ec2231a0-ce84-11f0-acbb-6ca10065e427" CLIENT-IP="24.22.242.86:56938" X-SITE-DEPLOYMENT-ID="vancr-backend" WAS-DEFAULT-HOSTNAME="vancr-backend.scm.azurewebsites.net" X-Forwarded-Proto="https" X-AppService-Proto="https" X-Forwarded-TlsVersion="1.3" X-WAWS-Unencoded-URL="/api/zipdeploy?isAsync=true" X-Client-IP="24.22.242.86" X-Client-Port="56938" >
  <step title="ZipPushDeploy" date="2025-12-01T07:12:57.247" >
    <step title="ZipDeploy. Extract zip. Remote build." date="2025-12-01T07:12:57.333" /><!-- duration: 18ms -->
    <step title="None repository commit" date="2025-12-01T07:12:57.389" >
      <step title="Commit id: 27b71977-9fd2-4458-b870-3052de627fa5" date="2025-12-01T07:12:57.411" Message="N/A" AuthorName="N/A" AuthorEmail="N/A" /><!-- duration: 36ms -->
    </step><!-- duration: 69ms -->
    <step title="Starting PushDeployAsync" date="2025-12-01T07:12:57.480" /><!-- duration: 39ms -->
    <step title="Writing artifact to /tmp/zipdeploy/709d6539-bdb5-4f49-96b2-7b6c77275a67.zip" date="2025-12-01T07:12:57.847" >
      <step title="Writing multipart request body to /tmp/zipdeploy/709d6539-bdb5-4f49-96b2-7b6c77275a67.zip" date="2025-12-01T07:12:57.887" /><!-- duration: 37ms -->
    </step><!-- duration: 580ms -->
    <step title="Start deployment in the background" date="2025-12-01T07:12:58.604" >
      <step title="Acquiring Deployment Lock" date="2025-12-01T07:12:58.854" /><!-- duration: 67ms -->
      <step title="Acquired Deployment Lock" date="2025-12-01T07:12:59.287" /><!-- duration: 27ms -->
    </step><!-- duration: 1874ms -->
  </step><!-- duration: 3493ms -->
  <step title="Outgoing response" date="2025-12-01T07:13:00.971" type="response" statusCode="202" statusText="Accepted" /><!-- duration: 22ms -->
</step><!-- duration: 7576ms -->
