<step title="Incoming Request" date="2025-12-03T07:22:53.395" instance="4b36de" url="/deploy?scmType=ExternalGit&amp;isAsync=true" method="POST" type="request" pid="770,1,19" Host="vancr-backend.scm.azurewebsites.net" User-Agent="Azure-WebSites-Controller/106.0.7.121" Authorization="Bas..." Expect="100-continue" Content-Length="80" x-ms-request-id="346215ff-e455-4228-b016-82f6faad503e" X-ARR-LOG-ID="346215ff-e455-4228-b016-82f6faad503e" CLIENT-IP="20.192.170.128:7040" X-SITE-DEPLOYMENT-ID="vancr-backend" WAS-DEFAULT-HOSTNAME="vancr-backend.scm.azurewebsites.net" X-MS-PLATFORM-INTERNAL="True" X-Forwarded-Proto="https" X-AppService-Proto="https" X-Forwarded-TlsVersion="1.3" X-WAWS-Unencoded-URL="/deploy?scmType=ExternalGit&amp;isAsync=true" X-Client-IP="20.192.170.128" X-Client-Port="7040" >
  <step title="Cleanup Xml Logs" date="2025-12-03T07:22:53.405" /><!-- duration: 21ms -->
  <step title="FetchHandler" date="2025-12-03T07:22:53.469" >
    <step title="Executing external process" date="2025-12-03T07:22:53.593" type="process" path="git" arguments="rev-parse --git-dir" /><!-- duration: 214ms -->
    <step title="Executing external process" date="2025-12-03T07:22:53.814" type="process" path="git" arguments="rev-parse --git-dir" /><!-- duration: 19ms -->
    <step title="Executing external process" date="2025-12-03T07:22:53.838" type="process" path="git" arguments="log -n 1 main --" /><!-- duration: 76ms -->
    <step title="Start deployment in the background" date="2025-12-03T07:22:53.933" >
      <step title="Executing external process" date="2025-12-03T07:22:53.964" type="process" path="git" arguments="rev-parse --git-dir" /><!-- duration: 55ms -->
      <step title="Executing external process" date="2025-12-03T07:22:54.037" type="process" path="git" arguments="rev-parse --git-dir" /><!-- duration: 46ms -->
      <step title="Executing external process" date="2025-12-03T07:22:54.088" type="process" path="git" arguments="log -n 1 main --" /><!-- duration: 54ms -->
      <step title="Acquiring Deployment Lock" date="2025-12-03T07:22:54.147" /><!-- duration: 5ms -->
      <step title="Acquired Deployment Lock" date="2025-12-03T07:22:54.188" /><!-- duration: 4ms -->
    </step><!-- duration: 374ms -->
  </step><!-- duration: 843ms -->
  <step title="Outgoing response" date="2025-12-03T07:22:54.319" type="response" statusCode="202" statusText="Accepted" /><!-- duration: 4ms -->
</step><!-- duration: 933ms -->
