<step title="BackgroundTrace" date="2025-12-02T12:06:14.449" instance="4b36de" url="/deploy" method="POST" >
  <step title="Cleanup Xml Logs" date="2025-12-02T12:06:14.633" /><!-- duration: 95ms -->
  <step title="Creating temporary deployment - FetchDeploymentManager" date="2025-12-02T12:06:18.527" /><!-- duration: 19ms -->
  <step title="Creating temporary deployment" date="2025-12-02T12:06:18.573" /><!-- duration: 372ms -->
  <step title="Performing fetch based deployment" date="2025-12-02T12:06:24.364" >
    <step title="Deployment timer started" date="2025-12-02T12:06:47.818" >
      <step title="DeploymentManager.Deploy(id:f119131c09be106af6d6c832d45e73102548709f)" date="2025-12-02T12:06:47.858" >
        <step title="Collecting changeset information" date="2025-12-02T12:06:48.002" /><!-- duration: 323ms -->
        <step title="Updating submodules" date="2025-12-02T12:06:48.344" /><!-- duration: 1392ms -->
        <step title="Determining deployment builder" date="2025-12-02T12:06:50.441" >
          <step title="Builder is OryxBuilder" date="2025-12-02T12:06:50.517" /><!-- duration: 23ms -->
        </step><!-- duration: 129ms -->
        <step title="PreDeployment: context.CleanOutputPath False" date="2025-12-02T12:06:50.754" >
          <step title="PreDeployment: context.OutputPath /home/site/wwwroot" date="2025-12-02T12:06:51.170" >
            <step title="Building" date="2025-12-02T12:06:51.744" >
              <step title="Executing external process" date="2025-12-02T12:06:53.294" type="process" path="bash" arguments="-c &quot;oryx build /home/site/repository -o /home/site/wwwroot --platform python --platform-version 3.11 -p virtualenv_name=antenv --log-file /tmp/build-debug.log  -i /tmp/8de319b4685e30d --compress-destination-dir | tee /tmp/oryx-build.log ; exit $PIPESTATUS &quot;" 