<step title="Incoming Request" date="2025-12-03T07:53:30.908" instance="4b36de" url="/deploy?scmType=ExternalGit&amp;isAsync=true" method="POST" type="request" pid="768,1,5" Host="vancr-backend.scm.azurewebsites.net" User-Agent="Azure-WebSites-Controller/106.0.7.121" Authorization="Bas..." Expect="100-continue" Content-Length="80" x-ms-request-id="8b907dd7-9694-4498-8c53-4ae19a047f84" X-ARR-LOG-ID="8b907dd7-9694-4498-8c53-4ae19a047f84" CLIENT-IP="20.192.170.128:7041" X-SITE-DEPLOYMENT-ID="vancr-backend" WAS-DEFAULT-HOSTNAME="vancr-backend.scm.azurewebsites.net" X-MS-PLATFORM-INTERNAL="True" X-Forwarded-Proto="https" X-AppService-Proto="https" X-Forwarded-TlsVersion="1.3" X-WAWS-Unencoded-URL="/deploy?scmType=ExternalGit&amp;isAsync=true" X-Client-IP="20.192.170.128" X-Client-Port="7041" >
  <step title="FetchHandler" date="2025-12-03T07:53:31.013" >
    <step title="Executing external process" date="2025-12-03T07:53:31.254" type="process" path="git" arguments="rev-parse --git-dir" /><!-- duration: 66ms -->
    <step title="Executing external process" date="2025-12-03T07:53:31.335" type="process" path="git" arguments="rev-parse --git-dir" /><!-- duration: 24ms -->
    <step title="Executing external process" date="2025-12-03T07:53:31.364" type="process" path="git" arguments="log -n 1 main --" /><!-- duration: 78ms -->
    <step title="Start deployment in the background" date="2025-12-03T07:53:31.450" >
      <step title="Executing external process" date="2025-12-03T07:53:31.508" type="process" path="git" arguments="rev-parse --git-dir" /><!-- duration: 21ms -->
      <step title="Executing external process" date="2025-12-03T07:53:31.534" type="process" path="git" arguments="rev-parse --git-dir" /><!-- duration: 17ms -->
      <step title="Executing external process" date="2025-12-03T07:53:31.556" type="process" path="git" arguments="log -n 1 main --" /><!-- duration: 20ms -->
      <step title="Acquiring Deployment Lock" date="2025-12-03T07:53:31.581" /><!-- duration: 4ms -->
      <step title="Acquired Deployment Lock" date="2025-12-03T07:53:31.640" /><!-- duration: 4ms -->
    </step><!-- duration: 297ms -->
  </step><!-- duration: 739ms -->
  <step title="Outgoing response" date="2025-12-03T07:53:31.760" type="response" statusCode="202" statusText="Accepted" /><!-- duration: 4ms -->
</step><!-- duration: 860ms -->
