<step title="Incoming Request" date="2025-12-01T08:01:23.886" instance="4b36de" url="/api/zipdeploy?isAsync=true" method="POST" type="request" pid="768,1,18" Accept="*/*" Host="vancr-backend.scm.azurewebsites.net" User-Agent="AZURECLI/2.80.0 (MSI)" Accept-Encoding="gzip, deflate" Authorization="Bea..." Cache-Control="no-cache" Content-Type="application/octet-stream" Content-Length="8489" x-ms-client-request-id="de48380f-ce8b-11f0-9292-6ca10065e427" x-ms-artifact-checksum="aabfedad7abec97b4886736416375bd649f8da01aad1a6e1e5b1856e5e95256d" X-ARR-LOG-ID="de48380f-ce8b-11f0-9292-6ca10065e427" CLIENT-IP="24.22.242.86:52452" X-SITE-DEPLOYMENT-ID="vancr-backend" WAS-DEFAULT-HOSTNAME="vancr-backend.scm.azurewebsites.net" X-Forwarded-Proto="https" X-AppService-Proto="https" X-Forwarded-TlsVersion="1.3" X-WAWS-Unencoded-URL="/api/zipdeploy?isAsync=true" X-Client-IP="24.22.242.86" X-Client-Port="52452" >
  <step title="Cleanup Xml Logs" date="2025-12-01T08:01:23.892" /><!-- duration: 9ms -->
  <step title="ZipPushDeploy" date="2025-12-01T08:01:24.007" >
    <step title="ZipDeploy. Extract zip. Remote build." date="2025-12-01T08:01:24.055" /><!-- duration: 6ms -->
    <step title="Starting PushDeployAsync" date="2025-12-01T08:01:24.071" /><!-- duration: 4ms -->
    <step title="Writing artifact to /tmp/zipdeploy/d465253a-6f71-469b-b5f8-daa1da3b61c1.zip" date="2025-12-01T08:01:24.090" >
      <step title="Writing multipart request body to /tmp/zipdeploy/d465253a-6f71-469b-b5f8-daa1da3b61c1.zip" date="2025-12-01T08:01:24.094" /><!-- duration: 12ms -->
    </step><!-- duration: 73ms -->
    <step title="Removing previous build artifact&apos;s manifest file" date="2025-12-01T08:01:24.175" >
      <step title="Start deployment in the background" date="2025-12-01T08:01:24.197" >
        <step title="Acquiring Deployment Lock" date="2025-12-01T08:01:24.232" /><!-- duration: 5ms -->
        <step title="Acquired Deployment Lock" date="2025-12-01T08:01:24.275" /><!-- duration: 4ms -->
      </step><!-- duration: 193ms -->
    </step><!-- duration: 227ms -->
    <step title="Outgoing response" date="2025-12-01T08:01:24.410" type="response" statusCode="202" statusText="Accepted" /><!-- duration: 6ms -->
  </step><!-- duration: 413ms -->
