<step title="Incoming Request" date="2025-12-04T03:13:33.639" instance="4b36de" url="/deploy?scmType=ExternalGit&amp;isAsync=true" method="POST" type="request" pid="768,1,31" Host="vancr-backend.scm.azurewebsites.net" User-Agent="Azure-WebSites-Controller/106.0.7.121" Authorization="Bas..." Expect="100-continue" Content-Length="80" x-ms-request-id="f18cb72f-41de-4750-9bd6-4622100c023a" X-ARR-LOG-ID="f18cb72f-41de-4750-9bd6-4622100c023a" CLIENT-IP="20.192.170.128:4096" X-SITE-DEPLOYMENT-ID="vancr-backend" WAS-DEFAULT-HOSTNAME="vancr-backend.scm.azurewebsites.net" X-MS-PLATFORM-INTERNAL="True" X-Forwarded-Proto="https" X-AppService-Proto="https" X-Forwarded-TlsVersion="1.3" X-WAWS-Unencoded-URL="/deploy?scmType=ExternalGit&amp;isAsync=true" X-Client-IP="20.192.170.128" X-Client-Port="4096" >
  <step title="Cleanup Xml Logs" date="2025-12-04T03:13:33.736" /><!-- duration: 113ms -->
  <step title="FetchHandler" date="2025-12-04T03:13:33.966" >
    <step title="Executing external process" date="2025-12-04T03:13:35.008" type="process" path="git" arguments="rev-parse --git-dir" /><!-- duration: 1065ms -->
    <step title="Executing external process" date="2025-12-04T03:13:36.315" type="process" path="git" arguments="rev-parse --git-dir" /><!-- duration: 259ms -->
    <step title="Executing external process" date="2025-12-04T03:13:36.670" type="process" path="git" arguments="log -n 1 main --" /><!-- duration: 601ms -->
    <step title="Start deployment in the background" date="2025-12-04T03:13:37.452" >
      <step title="Executing external process" date="2025-12-04T03:13:38.239" type="process" path="git" arguments="rev-parse --git-dir" /><!-- duration: 146ms -->
      <step title="Executing external process" date="2025-12-04T03:13:38.414" type="process" path="git" arguments="rev-parse --git-dir" /><!-- duration: 58ms -->
      <step title="Executing external process" date="2025-12-04T03:13:38.491" type="process" path="git" arguments="log -n 1 main --" /><!-- duration: 235ms -->
      <step title="Acquiring Deployment Lock" date="2025-12-04T03:13:38.744" /><!-- duration: 48ms -->
      <step title="Acquired Deployment Lock" date="2025-12-04T03:13:39.114" /><!-- duration: 21ms -->
    </step><!-- duration: 2631ms -->
  </step><!-- duration: 6162ms -->
  <step title="Outgoing response" date="2025-12-04T03:13:40.147" type="response" statusCode="202" statusText="Accepted" /><!-- duration: 10ms -->
</step><!-- duration: 6558ms -->
