<step title="BackgroundTrace" date="2025-12-02T12:08:31.770" instance="4b36de" url="/api/publish" method="POST" >
  <step title="Creating temporary deployment - FetchDeploymentManager" date="2025-12-02T12:08:31.878" /><!-- duration: 3ms -->
  <step title="Creating temporary deployment" date="2025-12-02T12:08:31.889" /><!-- duration: 80ms -->
  <step title="Performing fetch based deployment" date="2025-12-02T12:08:32.036" >
    <step title="Cleaning up temp folders from previous zip deployments and extracting pushed zip file /tmp/zipdeploy/33bf1c0a-f649-476f-b1a4-6d607b094051.zip (0.01 MB) to /tmp/zipdeploy/extracted" date="2025-12-02T12:08:33.290" >
      <step title="ChmodRecursive Process exited with total time taken in ms: 103" date="2025-12-02T12:08:33.452" /><!-- duration: 12ms -->
    </step><!-- duration: 183ms -->
    <step title="Deployment timer started" date="2025-12-02T12:08:35.525" >
      <step title="DeploymentManager.Deploy(id:d2c1ce7e-e602-43e3-af0b-b27ee515c7d9)" date="2025-12-02T12:08:35.536" >
        <step title="Collecting changeset information" date="2025-12-02T12:08:35.573" /><!-- duration: 129ms -->
        <step title="Updating submodules" date="2025-12-02T12:08:35.710" /><!-- duration: 1173ms -->
        <step title="Determining deployment builder" date="2025-12-02T12:08:37.258" >
          <step title="Builder is OryxBuilder" date="2025-12-02T12:08:37.265" /><!-- duration: 13ms -->
        </step><!-- duration: 40ms -->
        <step title="PreDeployment: context.CleanOutputPath False" date="2025-12-02T12:08:37.399" >
          <step title="PreDeployment: context.OutputPath /home/site/wwwroot" date="2025-12-02T12:08:37.581" >
            <step title="Building" date="2025-12-02T12:08:37.757" >
              <step title="Executing external process" date="2025-12-02T12:08:38.180" type="process" path="bash" arguments="-c &quot;oryx build /tmp/zipdeploy/extracted -o /home/site/wwwroot --platform python --platform-version 3.11 -p virtualenv_name=antenv --log-file /tmp/build-debug.log  -i /tmp/8de319b8620da4c --compress-destination-dir | tee /tmp/oryx-build.log ; exit $PIPESTATUS &quot;" /><!-- duration: 184549ms -->
              <step title="Using PythonDeploymentLogParser" date="2025-12-02T12:11:43.260" /><!-- duration: 5ms -->
              <step title="Modified file to trigger a restart of the app container." date="2025-12-02T12:11:44.787" /><!-- duration: 7ms -->
              <step title="Skip function trigger and logicapp sync because function is not enabled." date="2025-12-02T12:11:44.818" /><!-- duration: 6ms -->
              <step title="Purge deployment items" date="2025-12-02T12:11:45.957" >
                <step title="Remove temp-708a, Pending, received at 12/02/2025 12:08:31" date="2025-12-02T12:11:46.045" /><!-- duration: 4ms -->
                <step title="Remove temp-2f7c, Failed, received at 12/02/2025 12:06:18" date="2025-12-02T12:11:46.131" /><!-- duration: 4ms -->
                <step title="Remove e806b96e-, Failed, received at 12/02/2025 12:02:32" date="2025-12-02T12:11:46.233" /><!-- duration: 4ms -->
                <step title="Remove temp-013c, Failed, received at 12/02/2025 12:02:23" date="2025-12-02T12:11:46.299" /><!-- duration: 4ms -->
              </step><!-- duration: 351ms -->
            </step><!-- duration: 188636ms -->
          </step><!-- duration: 188818ms -->
          <step title="Cleaning up temp files" date="2025-12-02T12:11:46.404" /><!-- duration: 584ms -->
          <step title="Cleaning up temp files" date="2025-12-02T12:11:46.996" /><!-- duration: 523ms -->
          <step title="Reloading status file with latest updates" date="2025-12-02T12:11:47.550" >
            <step title="WebHooksManager.PublishEventAsync: PostDeployment" date="2025-12-02T12:11:47.560" /><!-- duration: 111ms -->
          </step><!-- duration: 128ms -->
          <step title="Cleaning up temporary deployment - fetch deployment was successful" date="2025-12-02T12:11:47.690" /><!-- duration: 17ms -->
        </step><!-- duration: 190355ms -->
      </step><!-- duration: 192235ms -->
