<step title="Incoming Request" date="2025-12-03T07:04:14.559" instance="4b36de" url="/api/publish?type=zip&amp;restart=True" method="POST" type="request" pid="770,1,27" Accept="*/*" Host="vancr-backend.scm.azurewebsites.net" User-Agent="AZURECLI/2.80.0 (MSI)" Accept-Encoding="gzip, deflate" Authorization="Bea..." Cache-Control="no-cache" Content-Type="application/octet-stream" Cookie="ARRAffinity=4b36deaa5712386f5f4c267864f318897b93ee5b30778bb9d029a348c3a40963; ARRAffinitySameSite=4b36deaa5712386f5f4c267864f318897b93ee5b30778bb9d029a348c3a40963" Content-Length="5751" x-ms-client-request-id="3a2003c7-d016-11f0-8077-6ca10065e427" x-ms-artifact-checksum="0dccba8e671238f4f27658c3cc07b80693d14a25c58d4d9e66edfd19e5355a58" X-ARR-LOG-ID="3a2003c7-d016-11f0-8077-6ca10065e427" CLIENT-IP="24.22.242.86:63695" X-SITE-DEPLOYMENT-ID="vancr-backend" WAS-DEFAULT-HOSTNAME="vancr-backend.scm.azurewebsites.net" X-Forwarded-Proto="https" X-AppService-Proto="https" X-Forwarded-TlsVersion="1.3" X-WAWS-Unencoded-URL="/api/publish?type=zip&amp;restart=True" X-Client-IP="24.22.242.86" X-Client-Port="63695" >
  <step title="Cleanup Xml Logs" date="2025-12-03T07:04:14.563" /><!-- duration: 11ms -->
  <step title="OneDeploy" date="2025-12-03T07:04:14.640" >
    <step title="None repository commit" date="2025-12-03T07:04:14.653" >
      <step title="Commit id: e00adfaa-a8db-4a0e-b8a9-461cfd396018" date="2025-12-03T07:04:14.678" Message="N/A" AuthorName="N/A" AuthorEmail="N/A" /><!-- duration: 4ms -->
    </step><!-- duration: 34ms -->
    <step title="Starting PushDeployAsync" date="2025-12-03T07:04:14.694" /><!-- duration: 5ms -->
    <step title="Writing artifact to /tmp/zipdeploy/d7e22f1f-d5e2-491d-ac50-ee2b98d1bd94.zip" date="2025-12-03T07:04:14.743" >
      <step title="Writing multipart request body to /tmp/zipdeploy/d7e22f1f-d5e2-491d-ac50-ee2b98d1bd94.zip" date="2025-12-03T07:04:14.752" /><!-- duration: 8ms -->
    </step><!-- duration: 119ms -->
    <step title="Removing previous build artifact&apos;s manifest file" date="2025-12-03T07:04:14.873" >
      <step title="None repository commit" date="2025-12-03T07:04:14.881" >
        <step title="Commit id: e00adfaa-a8db-4a0e-b8a9-461cfd396018" date="2025-12-03T07:04:14.892" Message="N/A" AuthorName="N/A" AuthorEmail="N/A" /><!-- duration: 7ms -->
      </step><!-- duration: 24ms -->
      <step title="Attempting to fetch target branch HEAD" date="2025-12-03T07:04:14.909" /><!-- duration: 5ms -->
      <step title="Acquiring Deployment Lock" date="2025-12-03T07:04:14.920" /><!-- duration: 11ms -->
      <step title="Acquired Deployment Lock" date="2025-12-03T07:04:14.990" /><!-- duration: 5ms -->
      <step title="None repository commit" date="2025-12-03T07:04:15.001" >
        <step title="Commit id: e00adfaa-a8db-4a0e-b8a9-461cfd396018" date="2025-12-03T07:04:15.005" Message="N/A" AuthorName="N/A" AuthorEmail="N/A" /><!-- duration: 4ms -->
      </step><!-- duration: 14ms -->
      <step title="Performing fetch based deployment" date="2025-12-03T07:04:15.020" >
        <step title="Creating temporary deployment" date="2025-12-03T07:04:15.025" /><!-- duration: 186ms -->
        <step title="Releasing Deployment Lock" date="2025-12-03T07:04:16.580" /><!-- duration: 20ms -->
        <step title="Cleaning up temp folders from previous zip deployments and extracting pushed zip file /tmp/zipdeploy/d7e22f1f-d5e2-491d-ac50-ee2b98d1bd94.zip (0.01 MB) to /tmp/zipdeploy/extracted" date="2025-12-03T07:04:16.765" >
          <step title="ChmodRecursive Process exited with total time taken in ms: 122" date="2025-12-03T07:04:16.946" /><!-- duration: 12ms -->
        </step><!-- duration: 204ms -->
        <step title="None repository commit" date="2025-12-03T07:04:16.979" >
          <step title="Commit id: e00adfaa-a8db-4a0e-b8a9-461cfd396018" date="2025-12-03T07:04:16.983" Message="OneDeploy" AuthorName="N/A" AuthorEmail="N/A" /><!-- duration: 5ms -->
        </step><!-- duration: 14ms -->
        <step title="None repository commit" date="2025-12-03T07:04:19.001" >
          <step title="Commit id: e00adfaa-a8db-4a0e-b8a9-461cfd396018" date="2025-12-03T07:04:19.008" Message="N/A" AuthorName="N/A" AuthorEmail="N/A" /><!-- duration: 6ms -->
        </step><!-- duration: 18ms -->
        <step title="Deployment timer started" date="2025-12-03T07:04:19.027" >
          <step title="DeploymentManager.Deploy(id:e00adfaa-a8db-4a0e-b8a9-461cfd396018)" date="2025-12-03T07:04:19.036" >
            <step title="Collecting changeset information" date="2025-12-03T07:04:19.060" /><!-- duration: 136ms -->
            <step title="Updating submodules" date="2025-12-03T07:04:19.210" /><!-- duration: 1157ms -->
            <step title="Determining deployment builder" date="2025-12-03T07:04:20.636" >
              <step title="Builder is OryxBuilder" date="2025-12-03T07:04:20.650" /><!-- duration: 6ms -->
            </step><!-- duration: 26ms -->
            <step title="PreDeployment: context.CleanOutputPath False" date="2025-12-03T07:04:20.735" >
              <step title="PreDeployment: context.OutputPath /home/site/wwwroot" date="2025-12-03T07:04:20.932" >
                <step title="Building" date="2025-12-03T07:04:21.091" >
                  <step title="Executing external process" date="2025-12-03T07:04:21.478" type="process" path="bash" arguments="-c &quot;oryx build /tmp/zipdeploy/extracted -o /home/site/wwwroot --platform python --platform-version 3.11 -p virtualenv_name=antenv --log-file /tmp/build-debug.log  -i /tmp/8de323a2ebc297e --compress-destination-dir | tee /tmp/oryx-build.log ; exit $PIPESTATUS &quot;" /><!-- duration: 100718ms -->
                  <step title="Using PythonDeploymentLogParser" date="2025-12-03T07:06:03.221" /><!-- duration: 19ms -->
                  <step title="Modified file to trigger a restart of the app container." date="2025-12-03T07:06:05.366" /><!-- duration: 6ms -->
                  <step title="Skip function trigger and logicapp sync because function is not enabled." date="2025-12-03T07:06:05.393" /><!-- duration: 10ms -->
                  <step title="Purge deployment items" date="2025-12-03T07:06:06.568" >
                    <step title="Remove f119131c0, Failed, received at 12/02/2025 12:06:48" date="2025-12-03T07:06:06.661" /><!-- duration: 5ms -->
                  </step><!-- duration: 102ms -->
                </step><!-- duration: 105662ms -->
              </step><!-- duration: 105828ms -->
              <step title="Cleaning up temp files" date="2025-12-03T07:06:06.764" /><!-- duration: 560ms -->
              <step title="Cleaning up temp files" date="2025-12-03T07:06:07.332" /><!-- duration: 520ms -->
              <step title="Reloading status file with latest updates" date="2025-12-03T07:06:07.901" >
                <step title="WebHooksManager.PublishEventAsync: PostDeployment" date="2025-12-03T07:06:07.911" /><!-- duration: 85ms -->
              </step><!-- duration: 100ms -->
              <step title="Cleaning up temporary deployment - fetch deployment was successful" date="2025-12-03T07:06:08.010" /><!-- duration: 4ms -->
            </step><!-- duration: 107361ms -->
          </step><!-- duration: 109077ms -->
          <step title="Outgoing response" date="2025-12-03T07:06:08.142" type="response" statusCode="200" statusText="OK" /><!-- duration: 7ms -->
        </step><!-- duration: 109128ms -->
