<step title="BackgroundTrace" date="2025-12-03T07:33:21.323" instance="4b36de" url="/deploy" method="POST" >
  <step title="Creating temporary deployment - FetchDeploymentManager" date="2025-12-03T07:33:21.493" /><!-- duration: 4ms -->
  <step title="Creating temporary deployment" date="2025-12-03T07:33:21.503" /><!-- duration: 90ms -->
  <step title="Performing fetch based deployment" date="2025-12-03T07:33:21.713" >
    <step title="Deployment timer started" date="2025-12-03T07:33:25.912" >
      <step title="DeploymentManager.Deploy(id:0c8830cd011295021a983816e843d1e45e8095c7)" date="2025-12-03T07:33:25.922" >
        <step title="Collecting changeset information" date="2025-12-03T07:33:25.965" /><!-- duration: 197ms -->
        <step title="Updating submodules" date="2025-12-03T07:33:26.171" /><!-- duration: 1167ms -->
        <step title="Determining deployment builder" date="2025-12-03T07:33:27.643" >
          <step title="Builder is OryxBuilder" date="2025-12-03T07:33:27.649" /><!-- duration: 20ms -->
        </step><!-- duration: 45ms -->
        <step title="PreDeployment: context.CleanOutputPath False" date="2025-12-03T07:33:27.766" >
          <step title="PreDeployment: context.OutputPath /home/site/wwwroot" date="2025-12-03T07:33:27.929" >
            <step title="Building" date="2025-12-03T07:33:28.116" >
              <step title="Executing external process" date="2025-12-03T07:33:28.461" type="process" path="bash" arguments="-c &quot;oryx build /home/site/repository -o /home/site/wwwroot --platform python --platform-version 3.11 -p virtualenv_name=antenv --log-file /tmp/build-debug.log  -i /tmp/8de323e400bfd90 --compress-destination-dir | tee /tmp/oryx-build.log ; exit $PIPESTATUS &quot;" /><!-- duration: 40671ms -->
              <step title="Using PythonDeploymentLogParser" date="2025-12-03T07:34:09.582" /><!-- duration: 11ms -->
              <step title="Triggering recycle (preview mode disabled)." date="2025-12-03T07:34:11.051" /><!-- duration: 9ms -->
              <step title="Modified file to trigger a restart of the app container." date="2025-12-03T07:34:11.100" /><!-- duration: 4ms -->
              <step title="Skip function trigger and logicapp sync because function is not enabled." date="2025-12-03T07:34:11.113" /><!-- duration: 6ms -->
            </step><!-- duration: 44131ms -->
          </step><!-- duration: 44327ms -->
          <step title="Cleaning up temp files" date="2025-12-03T07:34:12.260" /><!-- duration: 403ms -->
          <step title="Cleaning up temp files" date="2025-12-03T07:34:12.672" /><!-- duration: 512ms -->
          <step title="Reloading status file with latest updates" date="2025-12-03T07:34:13.220" >
            <step title="WebHooksManager.PublishEventAsync: PostDeployment" date="2025-12-03T07:34:13.233" /><!-- duration: 70ms -->
          </step><!-- duration: 91ms -->
          <step title="Cleaning up temporary deployment - fetch deployment was successful" date="2025-12-03T07:34:13.319" /><!-- duration: 8ms -->
        </step><!-- duration: 45655ms -->
      </step><!-- duration: 47518ms -->
