<step title="BackgroundTrace" date="2025-12-02T12:02:22.154" instance="4b36de" url="/api/zipdeploy" method="POST" >
  <step title="Cleanup Xml Logs" date="2025-12-02T12:02:22.173" /><!-- duration: 379ms -->
  <step title="Creating temporary deployment - FetchDeploymentManager" date="2025-12-02T12:02:23.359" /><!-- duration: 19ms -->
  <step title="Creating temporary deployment" date="2025-12-02T12:02:23.405" /><!-- duration: 570ms -->
  <step title="Performing fetch based deployment" date="2025-12-02T12:02:25.362" >
    <step title="Cleaning up temp folders from previous zip deployments and extracting pushed zip file /tmp/zipdeploy/528a8ead-ffa4-440c-b3f4-8ff5c3ddea5a.zip (0.02 MB) to /tmp/zipdeploy/extracted" date="2025-12-02T12:02:28.086" >
      <step title="ChmodRecursive Process exited with total time taken in ms: 823" date="2025-12-02T12:02:29.652" /><!-- duration: 32ms -->
    </step><!-- duration: 1672ms -->
    <step title="Deployment timer started" date="2025-12-02T12:02:31.968" >
      <step title="DeploymentManager.Deploy(id:e806b96e-0f55-4f7b-8cfa-436c6c8771df)" date="2025-12-02T12:02:32.027" >
        <step title="Collecting changeset information" date="2025-12-02T12:02:32.253" /><!-- duration: 525ms -->
        <step title="Updating submodules" date="2025-12-02T12:02:32.847" /><!-- duration: 1759ms -->
        <step title="Determining deployment builder" date="2025-12-02T12:02:35.520" >
          <step title="Builder is OryxBuilder" date="2025-12-02T12:02:35.655" /><!-- duration: 49ms -->
        </step><!-- duration: 270ms -->
        <step title="PreDeployment: context.CleanOutputPath False" date="2025-12-02T12:02:36.316" >
          <step title="PreDeployment: context.OutputPath /home/site/wwwroot" date="2025-12-02T12:02:37.393" >
            <step title="Building" date="2025-12-02T12:02:38.401" >
              <step title="Executing external process" date="2025-12-02T12:02:43.779" type="process" path="bash" arguments="-c &quot;oryx build /tmp/zipdeploy/extracted -o /home/site/wwwroot --platform python --platform-version 3.11 -p virtualenv_name=antenv --log-file /tmp/build-debug.log  -i /tmp/8de319aaeb8a8eb --compress-destination-dir | tee /tmp/oryx-build.log ; exit $PIPESTATUS &quot;" 