<step title="Incoming Request" date="2025-12-02T12:08:31.512" instance="4b36de" url="/api/publish?type=zip&amp;async=True" method="POST" type="request" pid="772,1,15" Accept="*/*" Host="vancr-backend.scm.azurewebsites.net" User-Agent="AZURECLI/2.80.0 (MSI)" Accept-Encoding="gzip, deflate" Authorization="Bea..." Cache-Control="no-cache" Content-Type="application/octet-stream" Cookie="ARRAffinity=4b36deaa5712386f5f4c267864f318897b93ee5b30778bb9d029a348c3a40963; ARRAffinitySameSite=4b36deaa5712386f5f4c267864f318897b93ee5b30778bb9d029a348c3a40963" Content-Length="12803" x-ms-client-request-id="918d7676-cf77-11f0-8f26-6ca10065e427" x-ms-artifact-checksum="6113a1d17f71fc4a6dee28343600c938933e83e994bbad67560f2105c748bc6b" X-ARR-LOG-ID="918d7676-cf77-11f0-8f26-6ca10065e427" CLIENT-IP="24.22.242.86:56102" X-SITE-DEPLOYMENT-ID="vancr-backend" WAS-DEFAULT-HOSTNAME="vancr-backend.scm.azurewebsites.net" X-Forwarded-Proto="https" X-AppService-Proto="https" X-Forwarded-TlsVersion="1.3" X-WAWS-Unencoded-URL="/api/publish?type=zip&amp;async=True" X-Client-IP="24.22.242.86" X-Client-Port="56102" >
  <step title="Cleanup Xml Logs" date="2025-12-02T12:08:31.516" /><!-- duration: 9ms -->
  <step title="OneDeploy" date="2025-12-02T12:08:31.574" >
    <step title="None repository commit" date="2025-12-02T12:08:31.581" >
      <step title="Commit id: d2c1ce7e-e602-43e3-af0b-b27ee515c7d9" date="2025-12-02T12:08:31.621" Message="N/A" AuthorName="N/A" AuthorEmail="N/A" /><!-- duration: 5ms -->
    </step><!-- duration: 49ms -->
    <step title="Starting PushDeployAsync" date="2025-12-02T12:08:31.635" /><!-- duration: 5ms -->
    <step title="Writing artifact to /tmp/zipdeploy/33bf1c0a-f649-476f-b1a4-6d607b094051.zip" date="2025-12-02T12:08:31.668" >
      <step title="Writing multipart request body to /tmp/zipdeploy/33bf1c0a-f649-476f-b1a4-6d607b094051.zip" date="2025-12-02T12:08:31.674" /><!-- duration: 11ms -->
    </step><!-- duration: 70ms -->
    <step title="None repository commit" date="2025-12-02T12:08:31.746" >
      <step title="Commit id: d2c1ce7e-e602-43e3-af0b-b27ee515c7d9" date="2025-12-02T12:08:31.752" Message="N/A" AuthorName="N/A" AuthorEmail="N/A" /><!-- duration: 4ms -->
    </step><!-- duration: 14ms -->
    <step title="Start deployment in the background" date="2025-12-02T12:08:31.765" >
      <step title="None repository commit" date="2025-12-02T12:08:31.781" >
        <step title="Commit id: d2c1ce7e-e602-43e3-af0b-b27ee515c7d9" date="2025-12-02T12:08:31.802" Message="N/A" AuthorName="N/A" AuthorEmail="N/A" /><!-- duration: 9ms -->
      </step><!-- duration: 42ms -->
      <step title="Acquiring Deployment Lock" date="2025-12-02T12:08:31.829" /><!-- duration: 4ms -->
      <step title="Acquired Deployment Lock" date="2025-12-02T12:08:31.868" /><!-- duration: 5ms -->
    </step><!-- duration: 209ms -->
  </step><!-- duration: 408ms -->
  <step title="Outgoing response" date="2025-12-02T12:08:31.996" type="response" statusCode="202" statusText="Accepted" /><!-- duration: 4ms -->
</step><!-- duration: 493ms -->
