<step title="Incoming Request" date="2025-12-01T07:39:26.990" instance="4b36de" url="/api/zipdeploy?isAsync=true" method="POST" type="request" pid="768,1,23" Accept="*/*" Host="vancr-backend.scm.azurewebsites.net" User-Agent="AZURECLI/2.80.0 (MSI)" Accept-Encoding="gzip, deflate" Authorization="Bea..." Cache-Control="no-cache" Content-Type="application/octet-stream" Content-Length="8489" x-ms-client-request-id="c9e29b2b-ce88-11f0-87fd-6ca10065e427" x-ms-artifact-checksum="aabfedad7abec97b4886736416375bd649f8da01aad1a6e1e5b1856e5e95256d" X-ARR-LOG-ID="c9e29b2b-ce88-11f0-87fd-6ca10065e427" CLIENT-IP="24.22.242.86:58352" X-SITE-DEPLOYMENT-ID="vancr-backend" WAS-DEFAULT-HOSTNAME="vancr-backend.scm.azurewebsites.net" X-Forwarded-Proto="https" X-AppService-Proto="https" X-Forwarded-TlsVersion="1.3" X-WAWS-Unencoded-URL="/api/zipdeploy?isAsync=true" X-Client-IP="24.22.242.86" X-Client-Port="58352" >
  <step title="Cleanup Xml Logs" date="2025-12-01T07:39:26.994" /><!-- duration: 7ms -->
  <step title="ZipPushDeploy" date="2025-12-01T07:39:27.097" >
    <step title="ZipDeploy. Extract zip. Remote build." date="2025-12-01T07:39:27.114" /><!-- duration: 4ms -->
    <step title="None repository commit" date="2025-12-01T07:39:27.147" >
      <step title="Commit id: 6f80a7a2-6a7b-4442-b291-670f53832710" date="2025-12-01T07:39:27.151" Message="N/A" AuthorName="N/A" AuthorEmail="N/A" /><!-- duration: 9ms -->
    </step><!-- duration: 17ms -->
    <step title="Starting PushDeployAsync" date="2025-12-01T07:39:27.169" /><!-- duration: 4ms -->
    <step title="Writing artifact to /tmp/zipdeploy/8981b487-1a09-46f5-bd81-2a96292742e1.zip" date="2025-12-01T07:39:27.215" >
      <step title="Writing multipart request body to /tmp/zipdeploy/8981b487-1a09-46f5-bd81-2a96292742e1.zip" date="2025-12-01T07:39:27.220" /><!-- duration: 5ms -->
    </step><!-- duration: 118ms -->
    <step title="Start deployment in the background" date="2025-12-01T07:39:27.347" >
      <step title="Acquiring Deployment Lock" date="2025-12-01T07:39:27.392" /><!-- duration: 8ms -->
      <step title="Acquired Deployment Lock" date="2025-12-01T07:39:27.449" /><!-- duration: 4ms -->
    </step><!-- duration: 247ms -->
  </step><!-- duration: 511ms -->
  <step title="Outgoing response" date="2025-12-01T07:39:27.620" type="response" statusCode="202" statusText="Accepted" /><!-- duration: 17ms -->
</step><!-- duration: 651ms -->
