<step title="BackgroundTrace" date="2025-12-02T11:52:23.628" instance="4b36de" url="/api/zipdeploy" method="POST" >
  <step title="Cleanup Xml Logs" date="2025-12-02T11:52:23.636" /><!-- duration: 37ms -->
  <step title="Creating temporary deployment - FetchDeploymentManager" date="2025-12-02T11:52:24.478" /><!-- duration: 10ms -->
  <step title="Creating temporary deployment" date="2025-12-02T11:52:24.506" /><!-- duration: 577ms -->
  <step title="Performing fetch based deployment" date="2025-12-02T11:52:25.550" >
    <step title="Cleaning up temp folders from previous zip deployments and extracting pushed zip file /tmp/zipdeploy/8abc3102-c7a2-4077-9af0-aa932893ef65.zip (0.01 MB) to /tmp/zipdeploy/extracted" date="2025-12-02T11:52:27.092" >
      <step title="ChmodRecursive Process exited with total time taken in ms: 241" date="2025-12-02T11:52:27.508" /><!-- duration: 48ms -->
    </step><!-- duration: 487ms -->
    <step title="Deployment timer started" date="2025-12-02T11:52:29.682" >
      <step title="DeploymentManager.Deploy(id:008b075f-da80-47e3-9b94-fd2c1dea8ebd)" date="2025-12-02T11:52:29.702" >
        <step title="Collecting changeset information" date="2025-12-02T11:52:29.756" /><!-- duration: 134ms -->
        <step title="Updating submodules" date="2025-12-02T11:52:29.899" /><!-- duration: 1195ms -->
        <step title="Determining deployment builder" date="2025-12-02T11:52:31.514" >
          <step title="Builder is OryxBuilder" date="2025-12-02T11:52:31.541" /><!-- duration: 6ms -->
        </step><!-- duration: 39ms -->
        <step title="PreDeployment: context.CleanOutputPath False" date="2025-12-02T11:52:31.619" >
          <step title="PreDeployment: context.OutputPath /home/site/wwwroot" date="2025-12-02T11:52:31.769" >
            <step title="Building" date="2025-12-02T11:52:31.950" >
              <step title="Executing external process" date="2025-12-02T11:52:32.414" type="process" path="bash" arguments="-c &quot;oryx build /tmp/zipdeploy/extracted -o /home/site/wwwroot --platform python --platform-version 3.11 -p virtualenv_name=antenv --log-file /tmp/build-debug.log  -i /tmp/8de3199467e0262 --compress-destination-dir | tee /tmp/oryx-build.log ; exit $PIPESTATUS &quot;" /><!-- duration: 118512ms -->
              <step title="Using PythonDeploymentLogParser" date="2025-12-02T11:54:31.422" /><!-- duration: 9ms -->
              <step title="Triggering recycle (preview mode disabled)." date="2025-12-02T11:54:32.781" /><!-- duration: 7ms -->
              <step title="Modified file to trigger a restart of the app container." date="2025-12-02T11:54:32.818" /><!-- duration: 7ms -->
              <step title="Skip function trigger and logicapp sync because function is not enabled." date="2025-12-02T11:54:32.837" /><!-- duration: 4ms -->
              <step title="Purge deployment items" date="2025-12-02T11:54:33.675" >
                <step title="Remove 27b71977-, Failed, received at 12/01/2025 07:13:06" date="2025-12-02T11:54:33.748" /><!-- duration: 4ms -->
              </step><!-- duration: 82ms -->
            </step><!-- duration: 121911ms -->
          </step><!-- duration: 122102ms -->
          <step title="Cleaning up temp files" date="2025-12-02T11:54:33.875" /><!-- duration: 629ms -->
          <step title="Cleaning up temp files" date="2025-12-02T11:54:34.528" /><!-- duration: 524ms -->
          <step title="Reloading status file with latest updates" date="2025-12-02T11:54:35.086" >
            <step title="WebHooksManager.PublishEventAsync: PostDeployment" date="2025-12-02T11:54:35.092" /><!-- duration: 94ms -->
          </step><!-- duration: 106ms -->
          <step title="Cleaning up temporary deployment - fetch deployment was successful" date="2025-12-02T11:54:35.202" /><!-- duration: 16ms -->
        </step><!-- duration: 123654ms -->
      </step><!-- duration: 125591ms -->
