<step title="Incoming Request" date="2025-12-04T03:15:33.949" instance="4b36de" url="/deploy?scmType=ExternalGit&amp;isAsync=true" method="POST" type="request" pid="768,1,24" Host="vancr-backend.scm.azurewebsites.net" User-Agent="Azure-WebSites-Controller/106.0.7.121" Authorization="Bas..." Expect="100-continue" Content-Length="80" x-ms-request-id="2bb3e360-086b-4ae9-901d-388e8dfb1a5b" X-ARR-LOG-ID="2bb3e360-086b-4ae9-901d-388e8dfb1a5b" CLIENT-IP="20.192.170.128:4096" X-SITE-DEPLOYMENT-ID="vancr-backend" WAS-DEFAULT-HOSTNAME="vancr-backend.scm.azurewebsites.net" X-MS-PLATFORM-INTERNAL="True" X-Forwarded-Proto="https" X-AppService-Proto="https" X-Forwarded-TlsVersion="1.3" X-WAWS-Unencoded-URL="/deploy?scmType=ExternalGit&amp;isAsync=true" X-Client-IP="20.192.170.128" X-Client-Port="4096" >
  <step title="Cleanup Xml Logs" date="2025-12-04T03:15:34.083" /><!-- duration: 203ms -->
  <step title="FetchHandler" date="2025-12-04T03:15:34.668" >
    <step title="Executing external process" date="2025-12-04T03:15:34.841" type="process" path="git" arguments="rev-parse --git-dir" /><!-- duration: 992ms -->
    <step title="Executing external process" date="2025-12-04T03:15:36.201" type="process" path="git" arguments="rev-parse --git-dir" /><!-- duration: 166ms -->
    <step title="Executing external process" date="2025-12-04T03:15:36.434" type="process" path="git" arguments="log -n 1 main --" /><!-- duration: 1208ms -->
    <step title="Start deployment in the background" date="2025-12-04T03:15:37.769" >
      <step title="Executing external process" date="2025-12-04T03:15:39.295" type="process" path="git" arguments="rev-parse --git-dir" /><!-- duration: 521ms -->
      <step title="Executing external process" date="2025-12-04T03:15:39.864" type="process" path="git" arguments="rev-parse --git-dir" /><!-- duration: 662ms -->
      <step title="Executing external process" date="2025-12-04T03:15:40.944" type="process" path="git" arguments="log -n 1 main --" /><!-- duration: 1587ms -->
      <step title="Acquiring Deployment Lock" date="2025-12-04T03:15:42.898" /><!-- duration: 39ms -->
      <step title="Acquired Deployment Lock" date="2025-12-04T03:15:43.157" /><!-- duration: 156ms -->
    </step><!-- duration: 6522ms -->
  </step><!-- duration: 9815ms -->
  <step title="Outgoing response" date="2025-12-04T03:15:44.512" type="response" statusCode="202" statusText="Accepted" /><!-- duration: 67ms -->
</step><!-- duration: 10650ms -->
