<step title="Incoming Request" date="2025-12-02T11:54:57.934" instance="4b36de" url="/api/publish?type=zip" method="POST" type="request" pid="772,1,45" Accept="*/*" Host="vancr-backend.scm.azurewebsites.net" User-Agent="AZURECLI/2.80.0 (MSI)" Accept-Encoding="gzip, deflate" Authorization="Bea..." Cache-Control="no-cache" Content-Type="application/octet-stream" Cookie="ARRAffinity=4b36deaa5712386f5f4c267864f318897b93ee5b30778bb9d029a348c3a40963; ARRAffinitySameSite=4b36deaa5712386f5f4c267864f318897b93ee5b30778bb9d029a348c3a40963" Content-Length="5768" x-ms-client-request-id="aa06e913-cf75-11f0-bd0e-6ca10065e427" x-ms-artifact-checksum="5add636876111ec5575445dd0ea8808464813254d19a92478b02883e2443bb27" X-ARR-LOG-ID="aa06e913-cf75-11f0-bd0e-6ca10065e427" CLIENT-IP="24.22.242.86:56688" X-SITE-DEPLOYMENT-ID="vancr-backend" WAS-DEFAULT-HOSTNAME="vancr-backend.scm.azurewebsites.net" X-Forwarded-Proto="https" X-AppService-Proto="https" X-Forwarded-TlsVersion="1.3" X-WAWS-Unencoded-URL="/api/publish?type=zip" X-Client-IP="24.22.242.86" X-Client-Port="56688" >
  <step title="Cleanup Xml Logs" date="2025-12-02T11:54:57.963" /><!-- duration: 31ms -->
  <step title="OneDeploy" date="2025-12-02T11:54:58.410" >
    <step title="Starting PushDeployAsync" date="2025-12-02T11:54:58.442" /><!-- duration: 31ms -->
    <step title="Writing artifact to /tmp/zipdeploy/d2123311-012a-4ba8-845d-6888b5fe9a2e.zip" date="2025-12-02T11:54:58.530" >
      <step title="Writing multipart request body to /tmp/zipdeploy/d2123311-012a-4ba8-845d-6888b5fe9a2e.zip" date="2025-12-02T11:54:58.540" /><!-- duration: 10ms -->
    </step><!-- duration: 43ms -->
    <step title="Removing previous build artifact&apos;s manifest file" date="2025-12-02T11:54:58.594" >
      <step title="Attempting to fetch target branch HEAD" date="2025-12-02T11:54:58.686" /><!-- duration: 17ms -->
      <step title="Acquiring Deployment Lock" date="2025-12-02T11:54:58.723" /><!-- duration: 10ms -->
      <step title="Acquired Deployment Lock" date="2025-12-02T11:54:58.801" /><!-- duration: 5ms -->
      <step title="Performing fetch based deployment" date="2025-12-02T11:54:58.898" >
        <step title="Creating temporary deployment" date="2025-12-02T11:54:58.920" /><!-- duration: 583ms -->
        <step title="Releasing Deployment Lock" date="2025-12-02T11:55:01.109" /><!-- duration: 35ms -->
        <step title="Cleaning up temp folders from previous zip deployments and extracting pushed zip file /tmp/zipdeploy/d2123311-012a-4ba8-845d-6888b5fe9a2e.zip (0.01 MB) to /tmp/zipdeploy/extracted" date="2025-12-02T11:55:01.269" >
          <step title="ChmodRecursive Process exited with total time taken in ms: 203" date="2025-12-02T11:55:01.570" /><!-- duration: 10ms -->
        </step><!-- duration: 349ms -->
        <step title="None repository commit" date="2025-12-02T11:55:01.638" >
          <step title="Commit id: 14e29f7b-416d-4fae-9d5f-3c086cfd9d0c" date="2025-12-02T11:55:01.649" Message="OneDeploy" AuthorName="N/A" AuthorEmail="N/A" /><!-- duration: 17ms -->
        </step><!-- duration: 38ms -->
        <step title="Deployment timer started" date="2025-12-02T11:55:03.686" >
          <step title="DeploymentManager.Deploy(id:14e29f7b-416d-4fae-9d5f-3c086cfd9d0c)" date="2025-12-02T11:55:03.732" >
            <step title="Collecting changeset information" date="2025-12-02T11:55:03.892" /><!-- duration: 243ms -->
            <step title="Updating submodules" date="2025-12-02T11:55:04.192" /><!-- duration: 1230ms -->
            <step title="Determining deployment builder" date="2025-12-02T11:55:06.226" >
              <step title="Builder is OryxBuilder" date="2025-12-02T11:55:06.320" /><!-- duration: 30ms -->
            </step><!-- duration: 206ms -->
            <step title="PreDeployment: context.CleanOutputPath False" date="2025-12-02T11:55:06.616" >
              <step title="PreDeployment: context.OutputPath /home/site/wwwroot" date="2025-12-02T11:55:06.985" >
                <step title="Building" date="2025-12-02T11:55:07.335" >
                  <step title="Executing external process" date="2025-12-02T11:55:08.405" type="process" path="bash" arguments="-c &quot;oryx build /tmp/zipdeploy/extracted -o /home/site/wwwroot --platform python --platform-version 3.11 -p virtualenv_name=antenv --log-file /tmp/build-debug.log  -i /tmp/8de3199a2d301d8 --compress-destination-dir | tee /tmp/oryx-build.log ; exit $PIPESTATUS &quot;" /><!-- duration: 117062ms -->
                  <step title="Using PythonDeploymentLogParser" date="2025-12-02T11:57:06.041" /><!-- duration: 15ms -->
                  <step title="Modified file to trigger a restart of the app container." date="2025-12-02T11:57:07.533" /><!-- duration: 6ms -->
                  <step title="Skip function trigger and logicapp sync because function is not enabled." date="2025-12-02T11:57:07.544" /><!-- duration: 6ms -->
                </step><!-- duration: 121334ms -->
              </step><!-- duration: 121692ms -->
              <step title="Cleaning up temp files" date="2025-12-02T11:57:08.683" /><!-- duration: 540ms -->
              <step title="Cleaning up temp files" date="2025-12-02T11:57:09.239" /><!-- duration: 519ms -->
              <step title="Reloading status file with latest updates" date="2025-12-02T11:57:09.863" >
                <step title="WebHooksManager.PublishEventAsync: PostDeployment" date="2025-12-02T11:57:09.873" /><!-- duration: 60ms -->
              </step><!-- duration: 79ms -->
              <step title="Cleaning up temporary deployment - fetch deployment was successful" date="2025-12-02T11:57:09.969" /><!-- duration: 29ms -->
            </step><!-- duration: 123516ms -->
          </step><!-- duration: 126442ms -->
          <step title="Outgoing response" date="2025-12-02T11:57:10.190" type="response" statusCode="200" statusText="OK" /><!-- duration: 4ms -->
        </step><!-- duration: 126518ms -->
