<step title="BackgroundTrace" date="2025-12-01T07:39:27.360" instance="4b36de" url="/api/zipdeploy" method="POST" >
  <step title="Creating temporary deployment - FetchDeploymentManager" date="2025-12-01T07:39:27.458" /><!-- duration: 3ms -->
  <step title="Creating temporary deployment" date="2025-12-01T07:39:27.468" /><!-- duration: 121ms -->
  <step title="Performing fetch based deployment" date="2025-12-01T07:39:27.660" >
    <step title="Cleaning up temp folders from previous zip deployments and extracting pushed zip file /tmp/zipdeploy/8981b487-1a09-46f5-bd81-2a96292742e1.zip (0.01 MB) to /tmp/zipdeploy/extracted" date="2025-12-01T07:39:28.878" >
      <step title="ChmodRecursive Process exited with total time taken in ms: 122" date="2025-12-01T07:39:29.071" /><!-- duration: 32ms -->
    </step><!-- duration: 232ms -->
    <step title="Deployment timer started" date="2025-12-01T07:39:31.126" >
      <step title="DeploymentManager.Deploy(id:6f80a7a2-6a7b-4442-b291-670f53832710)" date="2025-12-01T07:39:31.138" >
        <step title="Collecting changeset information" date="2025-12-01T07:39:31.182" /><!-- duration: 116ms -->
        <step title="Updating submodules" date="2025-12-01T07:39:31.305" /><!-- duration: 1154ms -->
        <step title="Determining deployment builder" date="2025-12-01T07:39:32.717" >
          <step title="Builder is OryxBuilder" date="2025-12-01T07:39:32.740" /><!-- duration: 6ms -->
        </step><!-- duration: 36ms -->
        <step title="PreDeployment: context.CleanOutputPath False" date="2025-12-01T07:39:32.820" >
          <step title="PreDeployment: context.OutputPath /home/site/wwwroot" date="2025-12-01T07:39:32.986" >
            <step title="Building" date="2025-12-01T07:39:33.177" >
              <step title="Executing external process" date="2025-12-01T07:39:33.551" type="process" path="bash" arguments="-c &quot;oryx build /tmp/zipdeploy/extracted -o /home/site/wwwroot --platform python --platform-version 3.11 -p virtualenv_name=antenv --log-file /tmp/build-debug.log  -i /tmp/8de30acc4d035a7 --compress-destination-dir | tee /tmp/oryx-build.log ; exit $PIPESTATUS &quot;" /><!-- duration: 118171ms -->
              <step title="Using PythonDeploymentLogParser" date="2025-12-01T07:41:32.245" /><!-- duration: 10ms -->
              <step title="Triggering recycle (preview mode disabled)." date="2025-12-01T07:41:33.670" /><!-- duration: 11ms -->
              <step title="Modified file to trigger a restart of the app container." date="2025-12-01T07:41:33.725" /><!-- duration: 4ms -->
              <step title="Skip function trigger and logicapp sync because function is not enabled." date="2025-12-01T07:41:33.756" /><!-- duration: 5ms -->
              <step title="Purge deployment items" date="2025-12-01T07:41:34.614" >
                <step title="Remove temp-4fbe, Pending, received at 12/01/2025 07:39:27" date="2025-12-01T07:41:34.699" /><!-- duration: 21ms -->
                <step title="Remove temp-25af, Pending, received at 12/01/2025 07:12:59" date="2025-12-01T07:41:34.794" /><!-- duration: 4ms -->
              </step><!-- duration: 189ms -->
            </step><!-- duration: 121704ms -->
          </step><!-- duration: 121903ms -->
          <step title="Cleaning up temp files" date="2025-12-01T07:41:34.893" /><!-- duration: 502ms -->
          <step title="Cleaning up temp files" date="2025-12-01T07:41:35.404" /><!-- duration: 512ms -->
          <step title="Reloading status file with latest updates" date="2025-12-01T07:41:35.955" >
            <step title="WebHooksManager.PublishEventAsync: PostDeployment" date="2025-12-01T07:41:35.962" /><!-- duration: 152ms -->
          </step><!-- duration: 164ms -->
          <step title="Cleaning up temporary deployment - fetch deployment was successful" date="2025-12-01T07:41:36.131" /><!-- duration: 4ms -->
        </step><!-- duration: 123448ms -->
      </step><!-- duration: 125153ms -->
