<step title="BackgroundTrace" date="2025-12-01T08:01:24.202" instance="4b36de" url="/api/zipdeploy" method="POST" >
  <step title="Creating temporary deployment - FetchDeploymentManager" date="2025-12-01T08:01:24.283" /><!-- duration: 3ms -->
  <step title="Creating temporary deployment" date="2025-12-01T08:01:24.292" /><!-- duration: 93ms -->
  <step title="Performing fetch based deployment" date="2025-12-01T08:01:24.429" >
    <step title="Cleaning up temp folders from previous zip deployments and extracting pushed zip file /tmp/zipdeploy/d465253a-6f71-469b-b5f8-daa1da3b61c1.zip (0.01 MB) to /tmp/zipdeploy/extracted" date="2025-12-01T08:01:25.633" >
      <step title="ChmodRecursive Process exited with total time taken in ms: 144" date="2025-12-01T08:01:25.861" /><!-- duration: 10ms -->
    </step><!-- duration: 245ms -->
    <step title="Deployment timer started" date="2025-12-01T08:01:27.894" >
      <step title="DeploymentManager.Deploy(id:1cc78e81-7735-4a2b-9570-3a83e639c9e6)" date="2025-12-01T08:01:27.903" >
        <step title="Collecting changeset information" date="2025-12-01T08:01:27.941" /><!-- duration: 115ms -->
        <step title="Updating submodules" date="2025-12-01T08:01:28.066" /><!-- duration: 1198ms -->
        <step title="Determining deployment builder" date="2025-12-01T08:01:29.546" >
          <step title="Builder is OryxBuilder" date="2025-12-01T08:01:29.603" /><!-- duration: 25ms -->
        </step><!-- duration: 87ms -->
        <step title="PreDeployment: context.CleanOutputPath False" date="2025-12-01T08:01:29.719" >
          <step title="PreDeployment: context.OutputPath /home/site/wwwroot" date="2025-12-01T08:01:29.909" >
            <step title="Building" date="2025-12-01T08:01:30.158" >
              <step title="Executing external process" date="2025-12-01T08:01:30.617" type="process" path="bash" arguments="-c &quot;oryx build /tmp/zipdeploy/extracted -o /home/site/wwwroot --platform python --platform-version 3.11 -p virtualenv_name=antenv --log-file /tmp/build-debug.log  -i /tmp/8de30afd5bb871b --compress-destination-dir | tee /tmp/oryx-build.log ; exit $PIPESTATUS &quot;" /><!-- duration: 89915ms -->
              <step title="Using PythonDeploymentLogParser" date="2025-12-01T08:03:01.144" /><!-- duration: 5ms -->
              <step title="Triggering recycle (preview mode disabled)." date="2025-12-01T08:03:03.012" /><!-- duration: 7ms -->
              <step title="Modified file to trigger a restart of the app container." date="2025-12-01T08:03:03.078" /><!-- duration: 5ms -->
              <step title="Skip function trigger and logicapp sync because function is not enabled." date="2025-12-01T08:03:03.094" /><!-- duration: 11ms -->
              <step title="Purge deployment items" date="2025-12-01T08:03:04.173" >
                <step title="Remove temp-9bc4, Pending, received at 12/01/2025 08:01:24" date="2025-12-01T08:03:04.254" /><!-- duration: 4ms -->
              </step><!-- duration: 92ms -->
            </step><!-- duration: 94211ms -->
          </step><!-- duration: 94473ms -->
          <step title="Cleaning up temp files" date="2025-12-01T08:03:04.387" /><!-- duration: 737ms -->
          <step title="Cleaning up temp files" date="2025-12-01T08:03:05.128" /><!-- duration: 509ms -->
          <step title="Reloading status file with latest updates" date="2025-12-01T08:03:05.678" >
            <step title="WebHooksManager.PublishEventAsync: PostDeployment" date="2025-12-01T08:03:05.689" /><!-- duration: 86ms -->
          </step><!-- duration: 102ms -->
          <step title="Cleaning up temporary deployment - fetch deployment was successful" date="2025-12-01T08:03:05.790" /><!-- duration: 8ms -->
        </step><!-- duration: 96229ms -->
      </step><!-- duration: 98068ms -->
