<step title="Incoming Request" date="2025-12-02T12:02:18.685" instance="4b36de" url="/api/zipdeploy?isAsync=true" method="POST" type="request" pid="772,1,51" Accept="*/*" Host="vancr-backend.scm.azurewebsites.net" User-Agent="AZURECLI/2.80.0 (MSI)" Accept-Encoding="gzip, deflate" Authorization="Bea..." Cache-Control="no-cache" Content-Type="application/octet-stream" Content-Length="18567" x-ms-client-request-id="b3c8f700-cf76-11f0-812c-6ca10065e427" x-ms-artifact-checksum="275e673548d356ddfe8704a3b6767d17c4038ef6b098867a4a799686a5b2b0f5" X-ARR-LOG-ID="b3c8f700-cf76-11f0-812c-6ca10065e427" CLIENT-IP="24.22.242.86:61202" X-SITE-DEPLOYMENT-ID="vancr-backend" WAS-DEFAULT-HOSTNAME="vancr-backend.scm.azurewebsites.net" X-Forwarded-Proto="https" X-AppService-Proto="https" X-Forwarded-TlsVersion="1.3" X-WAWS-Unencoded-URL="/api/zipdeploy?isAsync=true" X-Client-IP="24.22.242.86" X-Client-Port="61202" >
  <step title="Cleanup Xml Logs" date="2025-12-02T12:02:18.783" /><!-- duration: 106ms -->
  <step title="ZipPushDeploy" date="2025-12-02T12:02:19.286" >
    <step title="ZipDeploy. Extract zip. Remote build." date="2025-12-02T12:02:19.462" /><!-- duration: 20ms -->
    <step title="Starting PushDeployAsync" date="2025-12-02T12:02:19.636" /><!-- duration: 222ms -->
    <step title="Writing artifact to /tmp/zipdeploy/528a8ead-ffa4-440c-b3f4-8ff5c3ddea5a.zip" date="2025-12-02T12:02:20.119" >
      <step title="Writing multipart request body to /tmp/zipdeploy/528a8ead-ffa4-440c-b3f4-8ff5c3ddea5a.zip" date="2025-12-02T12:02:20.130" /><!-- duration: 46ms -->
    </step><!-- duration: 1466ms -->
    <step title="Removing previous build artifact&apos;s manifest file" date="2025-12-02T12:02:21.699" >
      <step title="Start deployment in the background" date="2025-12-02T12:02:21.944" >
        <step title="Acquiring Deployment Lock" date="2025-12-02T12:02:22.760" /><!-- duration: 37ms -->
        <step title="Acquired Deployment Lock" date="2025-12-02T12:02:23.202" /><!-- duration: 67ms -->
      </step><!-- duration: 2406ms -->
    </step><!-- duration: 2970ms -->
    <step title="Outgoing response" date="2025-12-02T12:02:24.808" type="response" statusCode="202" statusText="Accepted" /><!-- duration: 26ms -->
  </step><!-- duration: 5568ms -->
