<step title="Incoming Request" date="2025-12-02T12:06:08.881" instance="4b36de" url="/deploy?scmType=ExternalGit&amp;isAsync=true" method="POST" type="request" pid="782,1,17" Host="vancr-backend.scm.azurewebsites.net" User-Agent="Azure-WebSites-Controller/106.0.7.121" Authorization="Bas..." Expect="100-continue" Content-Length="80" x-ms-request-id="41a5a65c-50b2-47b6-86de-5e8bde421939" X-ARR-LOG-ID="41a5a65c-50b2-47b6-86de-5e8bde421939" CLIENT-IP="20.192.170.128:7184" X-SITE-DEPLOYMENT-ID="vancr-backend" WAS-DEFAULT-HOSTNAME="vancr-backend.scm.azurewebsites.net" X-MS-PLATFORM-INTERNAL="True" X-Forwarded-Proto="https" X-AppService-Proto="https" X-Forwarded-TlsVersion="1.3" X-WAWS-Unencoded-URL="/deploy?scmType=ExternalGit&amp;isAsync=true" X-Client-IP="20.192.170.128" X-Client-Port="7184" >
  <step title="FetchHandler" date="2025-12-02T12:06:09.030" >
    <step title="GitExeRepository.Initialize" date="2025-12-02T12:06:09.544" >
      <step title="Executing external process" date="2025-12-02T12:06:09.572" type="process" path="git" arguments="init" /><!-- duration: 1438ms -->
      <step title="Executing external process" date="2025-12-02T12:06:11.079" type="process" path="git" arguments="config core.autocrlf false" /><!-- duration: 99ms -->
      <step title="Executing external process" date="2025-12-02T12:06:11.199" type="process" path="git" arguments="config core.preloadindex true" /><!-- duration: 134ms -->
      <step title="Executing external process" date="2025-12-02T12:06:11.411" type="process" path="git" arguments="config user.name &quot;unknown&quot;" /><!-- duration: 168ms -->
      <step title="Executing external process" date="2025-12-02T12:06:11.597" type="process" path="git" arguments="config user.email &quot;unknown&quot;" /><!-- duration: 223ms -->
      <step title="Executing external process" date="2025-12-02T12:06:11.859" type="process" path="git" arguments="config filter.lfs.clean &quot;git-lfs clean %f&quot;" /><!-- duration: 97ms -->
      <step title="Executing external process" date="2025-12-02T12:06:11.977" type="process" path="git" arguments="config filter.lfs.smudge &quot;git-lfs smudge %f&quot;" /><!-- duration: 125ms -->
      <step title="Executing external process" date="2025-12-02T12:06:12.141" type="process" path="git" arguments="config filter.lfs.required true" /><!-- duration: 95ms -->
      <step title="Configure git server" date="2025-12-02T12:06:12.264" >
        <step title="Executing external process" date="2025-12-02T12:06:12.286" type="process" path="git" arguments="config receive.denyCurrentBranch ignore" /><!-- duration: 97ms -->
      </step><!-- duration: 139ms -->
      <step title="Create deny users for .git folder" date="2025-12-02T12:06:12.421" /><!-- duration: 89ms -->
      <step title="Configure git-credential" date="2025-12-02T12:06:12.538" >
        <step title="Executing external process" date="2025-12-02T12:06:12.587" type="process" path="git" arguments="config credential.helper &quot;!&apos;/home/site/repository/.git/hooks/git-credential-invalid.sh&apos;&quot;" /><!-- duration: 89ms -->
      </step><!-- duration: 155ms -->
      <step title="Setup post receive hook" date="2025-12-02T12:06:12.703" >
        <step title="Non-Windows enviroment, granting 755 permission to post-receive hook file" date="2025-12-02T12:06:12.793" /><!-- duration: 104ms -->
      </step><!-- duration: 207ms -->
    </step><!-- duration: 3382ms -->
    <step title="Executing external process" date="2025-12-02T12:06:12.967" type="process" path="git" arguments="log -n 1 main --" >
      <step title="Process dump" date="2025-12-02T12:06:13.613" exitCode="128" type="processOutput" /><!-- duration: 106ms -->
    </step><!-- duration: 879ms -->
    <step title="Start deployment in the background" date="2025-12-02T12:06:14.165" >
      <step title="Executing external process" date="2025-12-02T12:06:15.003" type="process" path="git" arguments="rev-parse --git-dir" /><!-- duration: 822ms -->
      <step title="Executing external process" date="2025-12-02T12:06:16.301" type="process" path="git" arguments="rev-parse --git-dir" /><!-- duration: 219ms -->
      <step title="Executing external process" date="2025-12-02T12:06:16.660" type="process" path="git" arguments="log -n 1 main --" >
        <step title="Process dump" date="2025-12-02T12:06:16.893" exitCode="128" type="processOutput" /><!-- duration: 106ms -->
      </step><!-- duration: 407ms -->
      <step title="Acquiring Deployment Lock" date="2025-12-02T12:06:17.399" /><!-- duration: 39ms -->
      <step title="Acquired Deployment Lock" date="2025-12-02T12:06:18.264" /><!-- duration: 173ms -->
    </step><!-- duration: 4945ms -->
  </step><!-- duration: 10479ms -->
  <step title="Outgoing response" date="2025-12-02T12:06:19.720" type="response" statusCode="202" statusText="Accepted" /><!-- duration: 57ms -->
</step><!-- duration: 10934ms -->
