<step title="BackgroundTrace" date="2025-12-04T03:13:37.991" instance="4b36de" url="/deploy" method="POST" >
  <step title="Cleanup Xml Logs" date="2025-12-04T03:13:38.039" /><!-- duration: 83ms -->
  <step title="Creating temporary deployment - FetchDeploymentManager" date="2025-12-04T03:13:39.154" /><!-- duration: 19ms -->
  <step title="Creating temporary deployment" date="2025-12-04T03:13:39.212" /><!-- duration: 780ms -->
  <step title="Performing fetch based deployment" date="2025-12-04T03:13:40.948" >
    <step title="Deployment timer started" date="2025-12-04T03:13:52.460" >
      <step title="DeploymentManager.Deploy(id:2263b786b61a1069c509cf619a10e77dea36d8a2)" date="2025-12-04T03:13:52.529" >
        <step title="Collecting changeset information" date="2025-12-04T03:13:52.654" /><!-- duration: 351ms -->
        <step title="Updating submodules" date="2025-12-04T03:13:53.034" /><!-- duration: 1344ms -->
        <step title="Determining deployment builder" date="2025-12-04T03:13:54.904" >
          <step title="Builder is OryxBuilder" date="2025-12-04T03:13:54.973" /><!-- duration: 4ms -->
        </step><!-- duration: 86ms -->
        <step title="PreDeployment: context.CleanOutputPath False" date="2025-12-04T03:13:55.099" >
          <step title="PreDeployment: context.OutputPath /home/site/wwwroot" date="2025-12-04T03:13:55.305" >
            <step title="Building" date="2025-12-04T03:13:55.665" >
              <step title="Executing external process" date="2025-12-04T03:13:56.807" type="process" path="bash" arguments="-c &quot;oryx build /home/site/repository -o /home/site/wwwroot --platform python --platform-version 3.11 -p virtualenv_name=antenv --log-file /tmp/build-debug.log  -i /tmp/8de32e3286787e9 --compress-destination-dir | tee /tmp/oryx-build.log ; exit $PIPESTATUS &quot;" >
                <step title="Error occurred" date="2025-12-04T03:15:51.291" type="error" text="GetParentProcessLinux (14995) failed.: Could not find a part of the path &apos;/proc/14995/stat&apos;." stackTrace="   at Interop.ThrowExceptionForIoErrno(ErrorInfo errorInfo, String path, Boolean isDirError)
   at Microsoft.Win32.SafeHandles.SafeFileHandle.Open(String fullPath, FileMode mode, FileAccess access, FileShare share, FileOptions options, Int64 preallocationSize, UnixFileMode openPermissions, Int64&amp; fileLength, UnixFileMode&amp; filePermissions, Boolean failForSymlink, Boolean&amp; wasSymlink, Func`4 createOpenException)
   at System.IO.Strategies.OSFileStreamStrategy..ctor(String path, FileMode mode, FileAccess access, FileShare share, FileOptions options, Int64 preallocationSize, Nullable`1 unixCreateMode)
   at System.IO.StreamReader.ValidateArgsAndOpenPath(String path, Encoding encoding, Int32 bufferSize)
   at System.IO.File.ReadLines(String path)
   at Kudu.Core.Infrastructure.ProcessExtensions.GetParentProcessLinux(Process process, ITracer tracer) in /tmp/KuduLite/Kudu.Core/Infrastructure/ProcessExtensions.cs:line 155" /><!-- duration: 115ms -->
                <step title="Cpu: gzip(14974,3.170s)+tar(14973,1.780s)+build.sh(14959,0.040s)+oryx(14930,7.960s)+tee(14931,0.000s)+bash(14929,0.010s)=total(12.940s)" date="2025-12-04T03:15:54.101" /><!-- duration: 127ms -->
                <step title="bash: no io activity for 60s, prev-cpu=-1.000s, current-cpu=12.940s" date="2025-12-04T03:15:54.332" /><!-- duration: 19ms -->
