<step title="Incoming Request" date="2025-12-03T07:33:20.643" instance="4b36de" url="/deploy?scmType=ExternalGit&amp;isAsync=true" method="POST" type="request" pid="770,1,19" Host="vancr-backend.scm.azurewebsites.net" User-Agent="Azure-WebSites-Controller/106.0.7.121" Authorization="Bas..." Expect="100-continue" Content-Length="80" x-ms-request-id="1a3f746b-8db4-46e7-9257-c02c638f3ceb" X-ARR-LOG-ID="1a3f746b-8db4-46e7-9257-c02c638f3ceb" CLIENT-IP="20.192.170.128:8257" X-SITE-DEPLOYMENT-ID="vancr-backend" WAS-DEFAULT-HOSTNAME="vancr-backend.scm.azurewebsites.net" X-MS-PLATFORM-INTERNAL="True" X-Forwarded-Proto="https" X-AppService-Proto="https" X-Forwarded-TlsVersion="1.3" X-WAWS-Unencoded-URL="/deploy?scmType=ExternalGit&amp;isAsync=true" X-Client-IP="20.192.170.128" X-Client-Port="8257" >
  <step title="Cleanup Xml Logs" date="2025-12-03T07:33:20.663" /><!-- duration: 15ms -->
  <step title="FetchHandler" date="2025-12-03T07:33:20.707" >
    <step title="Executing external process" date="2025-12-03T07:33:20.852" type="process" path="git" arguments="rev-parse --git-dir" /><!-- duration: 158ms -->
    <step title="Executing external process" date="2025-12-03T07:33:21.141" type="process" path="git" arguments="rev-parse --git-dir" /><!-- duration: 19ms -->
    <step title="Executing external process" date="2025-12-03T07:33:21.167" type="process" path="git" arguments="log -n 1 main --" /><!-- duration: 94ms -->
    <step title="Start deployment in the background" date="2025-12-03T07:33:21.283" >
      <step title="Executing external process" date="2025-12-03T07:33:21.365" type="process" path="git" arguments="rev-parse --git-dir" /><!-- duration: 25ms -->
      <step title="Executing external process" date="2025-12-03T07:33:21.396" type="process" path="git" arguments="rev-parse --git-dir" /><!-- duration: 15ms -->
      <step title="Executing external process" date="2025-12-03T07:33:21.417" type="process" path="git" arguments="log -n 1 main --" /><!-- duration: 25ms -->
      <step title="Acquiring Deployment Lock" date="2025-12-03T07:33:21.448" /><!-- duration: 4ms -->
      <step title="Acquired Deployment Lock" date="2025-12-03T07:33:21.484" /><!-- duration: 4ms -->
    </step><!-- duration: 314ms -->
  </step><!-- duration: 894ms -->
  <step title="Outgoing response" date="2025-12-03T07:33:21.606" type="response" statusCode="202" statusText="Accepted" /><!-- duration: 7ms -->
</step><!-- duration: 975ms -->
