<step title="BackgroundTrace" date="2025-12-01T07:12:58.642" instance="a45adb" url="/api/zipdeploy" method="POST" >
  <step title="Cleanup Xml Logs" date="2025-12-01T07:12:58.661" /><!-- duration: 27ms -->
  <step title="Creating temporary deployment - FetchDeploymentManager" date="2025-12-01T07:12:59.326" /><!-- duration: 46ms -->
  <step title="Creating temporary deployment" date="2025-12-01T07:12:59.393" /><!-- duration: 922ms -->
  <step title="Performing fetch based deployment" date="2025-12-01T07:13:01.244" >
    <step title="Cleaning up temp folders from previous zip deployments and extracting pushed zip file /tmp/zipdeploy/709d6539-bdb5-4f49-96b2-7b6c77275a67.zip (0.01 MB) to /tmp/zipdeploy/extracted" date="2025-12-01T07:13:03.674" >
      <step title="ChmodRecursive Process exited with total time taken in ms: 303" date="2025-12-01T07:13:04.272" /><!-- duration: 57ms -->
    </step><!-- duration: 682ms -->
    <step title="Deployment timer started" date="2025-12-01T07:13:06.457" >
      <step title="DeploymentManager.Deploy(id:27b71977-9fd2-4458-b870-3052de627fa5)" date="2025-12-01T07:13:06.612" >
        <step title="Collecting changeset information" date="2025-12-01T07:13:06.730" /><!-- duration: 250ms -->
        <step title="Updating submodules" date="2025-12-01T07:13:07.000" /><!-- duration: 1358ms -->
        <step title="Determining deployment builder" date="2025-12-01T07:13:09.039" >
          <step title="Builder is OryxBuilder" date="2025-12-01T07:13:09.079" /><!-- duration: 8ms -->
        </step><!-- duration: 65ms -->
        <step title="PreDeployment: context.CleanOutputPath False" date="2025-12-01T07:13:09.177" >
          <step title="PreDeployment: context.OutputPath /home/site/wwwroot" date="2025-12-01T07:13:09.413" >
            <step title="Building" date="2025-12-01T07:13:09.614" >
              <step title="Executing external process" date="2025-12-01T07:13:10.278" type="process" path="bash" arguments="-c &quot;oryx build /tmp/zipdeploy/extracted -o /home/site/wwwroot --platform python --platform-version 3.11 -p virtualenv_name=antenv --log-file /tmp/build-debug.log  -i /tmp/8de30a914e0fd24 --compress-destination-dir | tee /tmp/oryx-build.log ; exit $PIPESTATUS &quot;" >
                <step title="Cpu: oryx(804,7.030s)+tee(805,0.010s)+bash(803,0.000s)=total(7.020s)" date="2025-12-01T07:22:16.272" /><!-- duration: 227ms -->
                <step title="bash: no io activity for 467s, prev-cpu=-1.000s, current-cpu=7.020s" date="2025-12-01T07:22:17.217" /><!-- duration: 12ms -->
                <step title="Cpu: gzip(870,6.340s)+tar(869,3.590s)+build.sh(847,0.020s)+oryx(804,10.140s)+tee(805,0.010s)+bash(803,0.000s)=total(20.100s)" date="2025-12-01T07:23:32.784" /><!-- duration: 40ms -->
                <step title="bash: no io activity for 60s, prev-cpu=-1.000s, current-cpu=20.100s" date="2025-12-01T07:23:32.907" /><!-- duration: 29ms -->
                <step title="Cpu: python3.11(980,13.770s)+python3.11(976,0.250s)+python3.11(975,0.250s)+build.sh(847,0.080s)+oryx(804,10.720s)+tee(805,0.010s)+bash(803,0.000s)=total(25.080s)" date="2025-12-01T07:25:17.987" /><!-- duration: 28ms -->
                <step title="bash: no io activity for 61s, prev-cpu=-1.000s, current-cpu=25.080s" date="2025-12-01T07:25:18.222" /><!-- duration: 85ms -->
