<step title="BackgroundTrace" date="2025-12-03T07:22:53.954" instance="4b36de" url="/deploy" method="POST" >
  <step title="Creating temporary deployment - FetchDeploymentManager" date="2025-12-03T07:22:54.198" /><!-- duration: 3ms -->
  <step title="Creating temporary deployment" date="2025-12-03T07:22:54.211" /><!-- duration: 90ms -->
  <step title="Performing fetch based deployment" date="2025-12-03T07:22:54.443" >
    <step title="Deployment timer started" date="2025-12-03T07:22:59.554" >
      <step title="DeploymentManager.Deploy(id:3467336e257eaba915744d19cbb16a3ac9f6a6fe)" date="2025-12-03T07:22:59.566" >
        <step title="Collecting changeset information" date="2025-12-03T07:22:59.608" /><!-- duration: 103ms -->
        <step title="Updating submodules" date="2025-12-03T07:22:59.718" /><!-- duration: 1226ms -->
        <step title="Determining deployment builder" date="2025-12-03T07:23:01.195" >
          <step title="Builder is OryxBuilder" date="2025-12-03T07:23:01.203" /><!-- duration: 7ms -->
        </step><!-- duration: 21ms -->
        <step title="PreDeployment: context.CleanOutputPath False" date="2025-12-03T07:23:01.287" >
          <step title="PreDeployment: context.OutputPath /home/site/wwwroot" date="2025-12-03T07:23:01.415" >
            <step title="Building" date="2025-12-03T07:23:01.634" >
              <step title="Executing external process" date="2025-12-03T07:23:02.026" type="process" path="bash" arguments="-c &quot;oryx build /home/site/repository -o /home/site/wwwroot --platform python --platform-version 3.11 -p virtualenv_name=antenv --log-file /tmp/build-debug.log  -i /tmp/8de323ccaa3a337 --compress-destination-dir | tee /tmp/oryx-build.log ; exit $PIPESTATUS &quot;" /><!-- duration: 40806ms -->
              <step title="Using PythonDeploymentLogParser" date="2025-12-03T07:23:43.267" /><!-- duration: 5ms -->
              <step title="Triggering recycle (preview mode disabled)." date="2025-12-03T07:23:44.732" /><!-- duration: 8ms -->
              <step title="Modified file to trigger a restart of the app container." date="2025-12-03T07:23:44.808" /><!-- duration: 5ms -->
              <step title="Skip function trigger and logicapp sync because function is not enabled." date="2025-12-03T07:23:44.823" /><!-- duration: 20ms -->
            </step><!-- duration: 44471ms -->
          </step><!-- duration: 44698ms -->
          <step title="Cleaning up temp files" date="2025-12-03T07:23:46.122" /><!-- duration: 455ms -->
          <step title="Cleaning up temp files" date="2025-12-03T07:23:46.588" /><!-- duration: 523ms -->
          <step title="Reloading status file with latest updates" date="2025-12-03T07:23:47.334" >
            <step title="WebHooksManager.PublishEventAsync: PostDeployment" date="2025-12-03T07:23:47.346" /><!-- duration: 229ms -->
          </step><!-- duration: 253ms -->
          <step title="Cleaning up temporary deployment - fetch deployment was successful" date="2025-12-03T07:23:47.623" /><!-- duration: 23ms -->
        </step><!-- duration: 46619ms -->
      </step><!-- duration: 48673ms -->
