<step title="Incoming Request" date="2025-12-02T11:52:15.498" instance="4b36de" url="/api/zipdeploy?isAsync=true" method="POST" type="request" pid="772,1,40" Accept="*/*" Host="vancr-backend.scm.azurewebsites.net" User-Agent="AZURECLI/2.80.0 (MSI)" Accept-Encoding="gzip, deflate" Authorization="Bea..." Cache-Control="no-cache" Content-Type="application/octet-stream" Content-Length="5768" x-ms-client-request-id="4f8fcea0-cf75-11f0-9f01-6ca10065e427" x-ms-artifact-checksum="5add636876111ec5575445dd0ea8808464813254d19a92478b02883e2443bb27" X-ARR-LOG-ID="4f8fcea0-cf75-11f0-9f01-6ca10065e427" CLIENT-IP="24.22.242.86:56411" X-SITE-DEPLOYMENT-ID="vancr-backend" WAS-DEFAULT-HOSTNAME="vancr-backend.scm.azurewebsites.net" X-Forwarded-Proto="https" X-AppService-Proto="https" X-Forwarded-TlsVersion="1.3" X-WAWS-Unencoded-URL="/api/zipdeploy?isAsync=true" X-Client-IP="24.22.242.86" X-Client-Port="56411" >
  <step title="ZipPushDeploy" date="2025-12-02T11:52:22.517" >
    <step title="ZipDeploy. Extract zip. Remote build." date="2025-12-02T11:52:22.603" /><!-- duration: 11ms -->
    <step title="None repository commit" date="2025-12-02T11:52:22.690" >
      <step title="Commit id: 008b075f-da80-47e3-9b94-fd2c1dea8ebd" date="2025-12-02T11:52:22.710" Message="N/A" AuthorName="N/A" AuthorEmail="N/A" /><!-- duration: 9ms -->
    </step><!-- duration: 47ms -->
    <step title="Starting PushDeployAsync" date="2025-12-02T11:52:22.749" /><!-- duration: 18ms -->
    <step title="Writing artifact to /tmp/zipdeploy/8abc3102-c7a2-4077-9af0-aa932893ef65.zip" date="2025-12-02T11:52:23.117" >
      <step title="Writing multipart request body to /tmp/zipdeploy/8abc3102-c7a2-4077-9af0-aa932893ef65.zip" date="2025-12-02T11:52:23.147" /><!-- duration: 12ms -->
    </step><!-- duration: 381ms -->
    <step title="Removing previous build artifact&apos;s manifest file" date="2025-12-02T11:52:23.539" >
      <step title="Start deployment in the background" date="2025-12-02T11:52:23.616" >
        <step title="Acquiring Deployment Lock" date="2025-12-02T11:52:23.839" /><!-- duration: 79ms -->
        <step title="Acquired Deployment Lock" date="2025-12-02T11:52:24.447" /><!-- duration: 21ms -->
      </step><!-- duration: 1500ms -->
    </step><!-- duration: 1671ms -->
    <step title="Outgoing response" date="2025-12-02T11:52:25.335" type="response" statusCode="202" statusText="Accepted" /><!-- duration: 13ms -->
  </step><!-- duration: 2860ms -->
