﻿<?xml version="1.0" encoding="utf-8"?>
<deployment>
  <id>e00adfaa-a8db-4a0e-b8a9-461cfd396018</id>
  <author>N/A</author>
  <deployer>OneDeploy</deployer>
  <authorEmail>N/A</authorEmail>
  <message>N/A</message>
  <progress></progress>
  <status>Success</status>
  <statusText></statusText>
  <lastSuccessEndTime>2025-12-03T07:06:05.8320333Z</lastSuccessEndTime>
  <receivedTime>2025-12-03T07:04:19.1159325Z</receivedTime>
  <startTime>2025-12-03T07:04:20.563442Z</startTime>
  <endTime>2025-12-03T07:06:05.8320333Z</endTime>
  <complete>True</complete>
  <is_temp>False</is_temp>
  <is_readonly>True</is_readonly>
  <buildSummary />
</deployment>