﻿<?xml version="1.0" encoding="utf-8"?>
<deployment>
  <id>d2c1ce7e-e602-43e3-af0b-b27ee515c7d9</id>
  <author>N/A</author>
  <deployer>OneDeploy</deployer>
  <authorEmail>N/A</authorEmail>
  <message>N/A</message>
  <progress></progress>
  <status>Success</status>
  <statusText></statusText>
  <lastSuccessEndTime>2025-12-02T12:11:45.2533375Z</lastSuccessEndTime>
  <receivedTime>2025-12-02T12:08:35.6201856Z</receivedTime>
  <startTime>2025-12-02T12:08:37.1486829Z</startTime>
  <endTime>2025-12-02T12:11:45.2533375Z</endTime>
  <complete>True</complete>
  <is_temp>False</is_temp>
  <is_readonly>True</is_readonly>
  <buildSummary />
</deployment>