﻿<?xml version="1.0" encoding="utf-8"?>
<deployment>
  <id>14e29f7b-416d-4fae-9d5f-3c086cfd9d0c</id>
  <author>N/A</author>
  <deployer>OneDeploy</deployer>
  <authorEmail>N/A</authorEmail>
  <message>OneDeploy</message>
  <progress></progress>
  <status>Success</status>
  <statusText></statusText>
  <lastSuccessEndTime>2025-12-02T11:57:08.0395278Z</lastSuccessEndTime>
  <receivedTime>2025-12-02T11:55:03.9985242Z</receivedTime>
  <startTime>2025-12-02T11:55:05.9324687Z</startTime>
  <endTime>2025-12-02T11:57:08.0395278Z</endTime>
  <complete>True</complete>
  <is_temp>False</is_temp>
  <is_readonly>True</is_readonly>
  <buildSummary />
</deployment>