﻿<?xml version="1.0" encoding="utf-8"?>
<deployment>
  <id>3467336e257eaba915744d19cbb16a3ac9f6a6fe</id>
  <author>Basant Agrawal</author>
  <deployer>GitHub</deployer>
  <authorEmail>bagrawal@microsoft.com</authorEmail>
  <message>Migrate ContactSubmissions from Cosmos DB to SQL Server table</message>
  <progress></progress>
  <status>Success</status>
  <statusText></statusText>
  <lastSuccessEndTime>2025-12-03T07:23:45.2532925Z</lastSuccessEndTime>
  <receivedTime>2025-12-03T07:22:59.6442727Z</receivedTime>
  <startTime>2025-12-03T07:23:01.1121015Z</startTime>
  <endTime>2025-12-03T07:23:45.2532925Z</endTime>
  <complete>True</complete>
  <is_temp>False</is_temp>
  <is_readonly>False</is_readonly>
  <buildSummary />
</deployment>