﻿<?xml version="1.0" encoding="utf-8"?>
<deployment>
  <id>1cc78e81-7735-4a2b-9570-3a83e639c9e6</id>
  <author>N/A</author>
  <deployer>Push-Deployer</deployer>
  <authorEmail>N/A</authorEmail>
  <message>Created via a push deployment</message>
  <progress></progress>
  <status>Success</status>
  <statusText></statusText>
  <lastSuccessEndTime>2025-12-01T08:03:03.5182887Z</lastSuccessEndTime>
  <receivedTime>2025-12-01T08:01:27.9894349Z</receivedTime>
  <startTime>2025-12-01T08:01:29.4601107Z</startTime>
  <endTime>2025-12-01T08:03:03.5182887Z</endTime>
  <complete>True</complete>
  <is_temp>False</is_temp>
  <is_readonly>True</is_readonly>
  <buildSummary />
</deployment>