﻿<?xml version="1.0" encoding="utf-8"?>
<deployment>
  <id>2263b786b61a1069c509cf619a10e77dea36d8a2</id>
  <author>Basant Agrawal</author>
  <deployer>GitHub</deployer>
  <authorEmail>bagrawal@microsoft.com</authorEmail>
  <message>Move backend files to root for Azure deployment</message>
  <progress></progress>
  <status>Failed</status>
  <statusText>Deployment has been stopped due to SCM container restart. The restart can happen due to a management operation on site. Do not perform a management operation and a deployment operation in quick succession. Adding a small delay can help avoid any conflicts.</statusText>
  <lastSuccessEndTime />
  <receivedTime>2025-12-04T03:13:52.8011423Z</receivedTime>
  <startTime>2025-12-04T03:13:54.7370342Z</startTime>
  <endTime>2025-12-04T03:15:24.9964427Z</endTime>
  <complete>True</complete>
  <is_temp>False</is_temp>
  <is_readonly>False</is_readonly>
  <buildSummary />
</deployment>