﻿<?xml version="1.0" encoding="utf-8"?>
<deployment>
  <id>6f80a7a2-6a7b-4442-b291-670f53832710</id>
  <author>N/A</author>
  <deployer>Push-Deployer</deployer>
  <authorEmail>N/A</authorEmail>
  <message>Created via a push deployment</message>
  <progress></progress>
  <status>Success</status>
  <statusText></statusText>
  <lastSuccessEndTime>2025-12-01T07:41:34.1773239Z</lastSuccessEndTime>
  <receivedTime>2025-12-01T07:39:31.2380335Z</receivedTime>
  <startTime>2025-12-01T07:39:32.6377537Z</startTime>
  <endTime>2025-12-01T07:41:34.1773239Z</endTime>
  <complete>True</complete>
  <is_temp>False</is_temp>
  <is_readonly>True</is_readonly>
  <buildSummary />
</deployment>