﻿<?xml version="1.0" encoding="utf-8"?>
<deployment>
  <id>0c8830cd011295021a983816e843d1e45e8095c7</id>
  <author>Basant Agrawal</author>
  <deployer>GitHub</deployer>
  <authorEmail>bagrawal@microsoft.com</authorEmail>
  <message>Remove table creation code from save_contact endpoint</message>
  <progress></progress>
  <status>Failed</status>
  <statusText></statusText>
  <lastSuccessEndTime>2025-12-03T07:34:11.5444413Z</lastSuccessEndTime>
  <receivedTime>2025-12-03T07:33:26.0867165Z</receivedTime>
  <startTime>2025-12-03T07:53:37.5611529Z</startTime>
  <endTime>2025-12-03T07:53:48.8043615Z</endTime>
  <complete>True</complete>
  <is_temp>False</is_temp>
  <is_readonly>False</is_readonly>
  <buildSummary />
</deployment>