﻿<?xml version="1.0" encoding="utf-8"?>
<deployment>
  <id>008b075f-da80-47e3-9b94-fd2c1dea8ebd</id>
  <author>N/A</author>
  <deployer>Push-Deployer</deployer>
  <authorEmail>N/A</authorEmail>
  <message>Created via a push deployment</message>
  <progress></progress>
  <status>Success</status>
  <statusText></statusText>
  <lastSuccessEndTime>2025-12-02T11:54:33.2828025Z</lastSuccessEndTime>
  <receivedTime>2025-12-02T11:52:29.8189921Z</receivedTime>
  <startTime>2025-12-02T11:52:31.4305504Z</startTime>
  <endTime>2025-12-02T11:54:33.2828025Z</endTime>
  <complete>True</complete>
  <is_temp>False</is_temp>
  <is_readonly>True</is_readonly>
  <buildSummary />
</deployment>