[
  {
    "id": "p001",
    "name": "Classic Tee",
    "category": "Men",
    "price": 19.99,
    "description": "Soft 100% cotton crew neck t-shirt with a tailored fit.",
    "sizes": [
      "S",
      "M",
      "L",
      "XL"
    ],
    "colors": [
      "Black",
      "White",
      "Navy"
    ],
    "image": "assets/images/p001.png",
    "tags": [
      "t-shirt",
      "cotton",
      "basic"
    ],
    "stock": 120
  },
  {
    "id": "p002",
    "name": "Zip Hoodie",
    "category": "Men",
    "price": 49.0,
    "description": "Mid-weight fleece zip hoodie with kangaroo pockets.",
    "sizes": [
      "S",
      "M",
      "L",
      "XL"
    ],
    "colors": [
      "Heather Gray",
      "Black"
    ],
    "image": "assets/images/p002.png",
    "tags": [
      "hoodie",
      "fleece"
    ],
    "stock": 60
  },
  {
    "id": "p003",
    "name": "Slim Jeans",
    "category": "Men",
    "price": 69.5,
    "description": "Stretch denim slim-fit jeans with 5-pocket styling.",
    "sizes": [
      "28",
      "30",
      "32",
      "34",
      "36"
    ],
    "colors": [
      "Dark Wash",
      "Black"
    ],
    "image": "assets/images/p003.png",
    "tags": [
      "jeans",
      "denim"
    ],
    "stock": 75
  },
  {
    "id": "p004",
    "name": "Everyday Dress",
    "category": "Women",
    "price": 59.0,
    "description": "Knee-length jersey dress with a flattering A-line silhouette.",
    "sizes": [
      "XS",
      "S",
      "M",
      "L",
      "XL"
    ],
    "colors": [
      "Wine",
      "Black",
      "Teal"
    ],
    "image": "assets/images/p004.png",
    "tags": [
      "dress",
      "jersey"
    ],
    "stock": 50
  },
  {
    "id": "p005",
    "name": "Silk Blouse",
    "category": "Women",
    "price": 89.0,
    "description": "100% silk button-up blouse with a relaxed fit.",
    "sizes": [
      "XS",
      "S",
      "M",
      "L"
    ],
    "colors": [
      "Ivory",
      "Navy"
    ],
    "image": "assets/images/p005.png",
    "tags": [
      "blouse",
      "silk"
    ],
    "stock": 35
  },
  {
    "id": "p006",
    "name": "Performance Leggings",
    "category": "Women",
    "price": 39.0,
    "description": "High-waisted leggings with 4-way stretch and pocket.",
    "sizes": [
      "XS",
      "S",
      "M",
      "L",
      "XL"
    ],
    "colors": [
      "Black",
      "Forest"
    ],
    "image": "assets/images/p006.png",
    "tags": [
      "leggings",
      "athleisure"
    ],
    "stock": 90
  },
  {
    "id": "p007",
    "name": "Kids Graphic Tee",
    "category": "Kids",
    "price": 14.99,
    "description": "Soft tee with playful graphic print. Unisex fit.",
    "sizes": [
      "2T",
      "3T",
      "4T",
      "5",
      "6"
    ],
    "colors": [
      "Sky",
      "Sunshine",
      "Mint"
    ],
    "image": "assets/images/p007.png",
    "tags": [
      "kids",
      "tee"
    ],
    "stock": 110
  },
  {
    "id": "p008",
    "name": "Kids Zip Hoodie",
    "category": "Kids",
    "price": 34.0,
    "description": "Cozy fleece hoodie with easy zip for kids on the go.",
    "sizes": [
      "XS",
      "S",
      "M"
    ],
    "colors": [
      "Berry",
      "Navy"
    ],
    "image": "assets/images/p008.png",
    "tags": [
      "kids",
      "hoodie"
    ],
    "stock": 80
  },
  {
    "id": "p009",
    "name": "Baseball Cap",
    "category": "Accessories",
    "price": 22.0,
    "description": "Adjustable cotton twill cap with embroidered logo.",
    "sizes": [
      "OS"
    ],
    "colors": [
      "Khaki",
      "Black"
    ],
    "image": "assets/images/p009.png",
    "tags": [
      "hat",
      "cap"
    ],
    "stock": 140
  },
  {
    "id": "p010",
    "name": "Crew Socks (3-pack)",
    "category": "Accessories",
    "price": 12.0,
    "description": "Breathable cotton blend socks with cushioned sole.",
    "sizes": [
      "S",
      "M",
      "L"
    ],
    "colors": [
      "White",
      "Black"
    ],
    "image": "assets/images/p010.png",
    "tags": [
      "socks",
      "pack"
    ],
    "stock": 200
  },
  {
    "id": "p011",
    "name": "Puffer Jacket",
    "category": "Men",
    "price": 119.0,
    "description": "Lightweight insulated puffer for all-weather warmth.",
    "sizes": [
      "S",
      "M",
      "L",
      "XL"
    ],
    "colors": [
      "Olive",
      "Black"
    ],
    "image": "assets/images/p011.png",
    "tags": [
      "jacket",
      "outerwear"
    ],
    "stock": 40
  },
  {
    "id": "p012",
    "name": "Cardigan Sweater",
    "category": "Women",
    "price": 69.0,
    "description": "Merino blend cardigan with rib cuffs and pockets.",
    "sizes": [
      "XS",
      "S",
      "M",
      "L"
    ],
    "colors": [
      "Oat",
      "Charcoal"
    ],
    "image": "assets/images/p012.png",
    "tags": [
      "sweater",
      "cardigan"
    ],
    "stock": 55
  }
]